-- phpMyAdmin SQL Dump
-- version 5.0.3
-- https://www.phpmyadmin.net/
--
-- Servidor: 127.0.0.1
-- Tiempo de generación: 30-10-2021 a las 00:14:41
-- Versión del servidor: 10.4.14-MariaDB
-- Versión de PHP: 7.2.34

SET SQL_MODE = "NO_AUTO_VALUE_ON_ZERO";
START TRANSACTION;
SET time_zone = "+00:00";


/*!40101 SET @OLD_CHARACTER_SET_CLIENT=@@CHARACTER_SET_CLIENT */;
/*!40101 SET @OLD_CHARACTER_SET_RESULTS=@@CHARACTER_SET_RESULTS */;
/*!40101 SET @OLD_COLLATION_CONNECTION=@@COLLATION_CONNECTION */;
/*!40101 SET NAMES utf8mb4 */;

--
-- Base de datos: `c1871022_musica`
--

-- --------------------------------------------------------

--
-- Estructura de tabla para la tabla `adminuser`
--

CREATE TABLE `adminuser` (
  `id` int(11) NOT NULL,
  `nombres` varchar(255) NOT NULL,
  `apellidos` varchar(255) NOT NULL,
  `usuario` varchar(255) NOT NULL,
  `clave` varchar(255) NOT NULL,
  `especialidad` varchar(225) DEFAULT NULL,
  `foto` varchar(200) NOT NULL,
  `tipo` int(3) NOT NULL DEFAULT 0,
  `estado` int(11) DEFAULT NULL,
  `modificado` varchar(50) DEFAULT NULL,
  `dni` int(8) DEFAULT NULL,
  `telefono` int(10) NOT NULL
) ENGINE=InnoDB DEFAULT CHARSET=utf8mb4;

--
-- Volcado de datos para la tabla `adminuser`
--

INSERT INTO `adminuser` (`id`, `nombres`, `apellidos`, `usuario`, `clave`, `especialidad`, `foto`, `tipo`, `estado`, `modificado`, `dni`, `telefono`) VALUES
(1, 'Chacho', 'Chacho', 'Admin', 'Admin', '', 'imagenes/2.png', 1, 1, 'Chacho Chacho', 0, 0),
(2, 'Richard', 'Valenzuela', 'Richard42', 'Cocoliso12', '--', '', 1, 1, '', 999999999, 0),
(3, 'Lourdes Andrea', 'Torres Padilla', 'Andoria', 'Yoshirohisoka19', '--', '', 1, 1, 'Lourdes Andrea Torres Padilla', 999999999, 0),
(5, 'Maira Rosario', 'Caceres Rabello', 'DESACTIVADO', 'DESACTIVADO', '--', '', 3, 2, 'Chacho Chacho', 999999999, 0),
(15, 'KATHERINE', 'TASAYCO', '', '', 'BATERIA - PERCUSION', '', 2, 1, 'Chacho Chacho', 70449419, 984206034),
(16, 'ANDREINA', 'FLORES', 'PFLORES', 'VIOLIN135', 'VIOLIN', '', 2, 1, 'Lourdes Andrea Torres Padilla', 2930846, 926991675),
(18, 'MARK', 'CONTRERAS', 'PCONTRERAS', 'TEORICOS135', 'TEORICOS', '', 2, 1, 'Lourdes Andrea Torres Padilla', 71073148, 967088553),
(19, 'MONICA', 'ZAMORA', 'PZAMORA', 'TEORICOS135', 'TEORICOS', '', 2, 1, 'Lourdes Andrea Torres Padilla', 7977147, 991671488),
(20, 'RITA', 'RODRIGUEZ', 'PRITA', 'TEORICOS135', 'TEORICOS', '', 2, 1, 'Lourdes Andrea Torres Padilla', 4681224, 933162966),
(21, 'CARLOS', 'SALAZAR', 'PSALAZAR', 'CANTO135', 'CANTO', '', 2, 1, 'Lourdes Andrea Torres Padilla', 72899510, 912093655),
(22, 'JOEL ', 'PEREZ', 'PPEREZ', 'PIANO135', 'TEORICOS - PIANO - F. DULCE- G. ELECTRICA', '', 2, 1, 'Lourdes Andrea Torres Padilla', 47531302, 989367078),
(23, 'EUGENIA', 'KOVTUNOVA', 'PKOVTUNOVA', 'PIANO135', 'PIANO', '', 2, 1, 'Lourdes Andrea Torres Padilla', 51686756, 987188084),
(24, 'ULISES', 'CALDERON', 'PCALDERON', 'PIANO135', 'PIANO - B. ELECTRICO - UKELELE - VIOLIN', '', 2, 1, 'Lourdes Andrea Torres Padilla', 44007548, 980675022),
(25, 'ANTONIO', 'NAVARRO', 'PNAVARRO', 'GUITARRA135', 'GUITARRA - UKELELE - G. ELECTRICA - TEORICOS', '', 2, 1, 'Lourdes Andrea Torres Padilla', 9646045, 994548710),
(26, 'FRANCISCO', 'QUISPE', 'PQUISPE', 'SAXOFON135', 'TEORICOS - SAXOFON - F. DULCE - PIANO - F. TRAVERSA', '', 2, 1, 'Lourdes Andrea Torres Padilla', 25755603, 989930234),
(27, 'ERIKA', 'GOMEZ', 'PGOMEZ', 'CANTO135', 'PIANO - CANTO - F. DULCE', '', 2, 1, 'Lourdes Andrea Torres Padilla', 41394493, 960964934),
(28, 'ELEAZAR|', 'TORRES', 'PTORRES', 'MANDOLINA135', 'MANDOLINA - GUITARRA - TEORICOS', '', 2, 1, 'Lourdes Andrea Torres Padilla', 2172213, 930245367),
(29, 'JORDY', 'PEREZ', 'PJPEREZ', 'GUITARRA135', 'GUITARRA A. - G. ELECTRICA. - CHARANGO - UKELELE - PIANO - F. DULCE ', '', 2, 1, 'Lourdes Andrea Torres Padilla', 48021130, 920125383),
(30, 'TERESA', 'ACOSTA', 'PACOSTA', 'CANTO135', 'CANTO', '', 2, 1, 'Lourdes Andrea Torres Padilla', 6311440, 931259411),
(31, 'JUAN ', 'HUAYRE', 'PHUAYRE', 'SAXOFON135', 'SAXOFON ', '', 2, 1, 'Lourdes Andrea Torres Padilla', 41649815, 992934572),
(32, 'JORGE', 'PUMA', 'PPUMA', 'SAXOFON135', 'SAXOFON  ', '', 2, 1, 'Lourdes Andrea Torres Padilla', 46927795, 37254736),
(33, 'NATALY', 'SUITO', 'PSUITO', 'VIOLIN135', 'VIOLIN', '', 2, 1, 'Lourdes Andrea Torres Padilla', 609376, 932240109),
(34, 'EDGAR', 'VALENZUELA', 'PVALENZUELA', 'VIOLIN135', 'VIOLIN - BATERIA - QUENA - PERCUSIÓN', '', 2, 1, 'Lourdes Andrea Torres Padilla', 0, 2147483647),
(35, 'SHELLYT', 'CASTRO', 'PCASTRO', 'VIOLIN135', 'VIOLIN', '', 2, 1, 'Lourdes Andrea Torres Padilla', 2994184, 902211990),
(36, 'JESUS', 'SAENZ', 'PSAENZ', 'VIOLIN135', 'VIOLIN', '', 2, 1, 'Lourdes Andrea Torres Padilla', 0, 2147483647),
(37, 'JUAN', 'CARRASCO', 'PCARRASCO', 'TEORICOS135', 'TEORICOS', '', 2, 1, 'Lourdes Andrea Torres Padilla', 7267369, 2147483647),
(38, 'MYLENE', 'ZAMBRANO', 'PZAMBRANO', 'CONTRABAJO135', 'CONTRABAJO - TEORIA ', '', 2, 1, 'Lourdes Andrea Torres Padilla', 2451721, 926910323),
(39, 'MIRTHA', 'BRAGA', 'PBRAGA', 'CANTO135', 'CANTO - PIANO', '', 2, 1, 'Lourdes Andrea Torres Padilla', 6088356, 987469285),
(40, 'SERGIO ', 'SANCHEZ', 'PSANCHEZ', 'GUITARRA135', 'GUITARRA', '', 2, 1, 'Lourdes Andrea Torres Padilla', 6731208, 980412534),
(41, 'SILVIA', 'VALDIVIA', 'PVALDIVIA', 'PIANO135', 'PIANO', '', 2, 1, 'Lourdes Andrea Torres Padilla', 72115627, 993487412),
(42, 'DANIEL', 'PIÑANGO', 'PPIÑANGO', 'SAXOFON135', 'SAXOFON - F. DULCE - TEORICOS', '', 2, 1, 'Lourdes Andrea Torres Padilla', 3036796, 918357937),
(43, 'CARLOS ', 'BELLO ', 'PBELLO', 'CLARINETE135', 'CLARINETE - TEORIA', '', 2, 1, 'Lourdes Andrea Torres Padilla', 2411343, 926910319),
(44, 'YHASMIN ', 'VALENZUELA ', 'PVALENZUELA', 'CLARINETE135', 'CLARINETE ', '', 2, 1, 'Lourdes Andrea Torres Padilla', 0, 2147483647),
(45, 'OMAR', 'SALGADO ', 'PSALGADO', 'QUENA135', 'QUENA ', '', 2, 1, 'Lourdes Andrea Torres Padilla', 40589130, 940211630),
(46, 'FREEDY TEODORO ', 'FUERTES ', '', '', 'TROMPETA ', '', 2, 1, NULL, 10748379, 2147483647),
(47, 'GISELLA ', 'GIRON ', 'PGIRON', 'TEORICOS135', 'TEORICOS', '', 2, 1, 'Lourdes Andrea Torres Padilla', 40083514, 992534250),
(49, 'CHRISTIAN', 'IBARRA ', 'PIBARRA', 'CANTO135', 'CANTO ', '', 2, 1, 'Lourdes Andrea Torres Padilla', 2147483647, 2147483647),
(50, 'ZOILA ', 'SOLIS ', 'PSOLIS', 'TEORICOS135', 'TEORICOS', '', 2, 1, 'Lourdes Andrea Torres Padilla', 7874410, 978197819),
(51, 'DIEGO', 'SANCHEZ ', 'PDSANCHEZ', 'PIANO135', 'PIANO ', '', 2, 1, 'Lourdes Andrea Torres Padilla', 71123136, 944570451),
(52, 'JESSICA ', 'CABANILLAS ', 'PCABANILLAS', 'TRAVERSA123', 'GUITARRA ', '', 2, 1, 'Lourdes Andrea Torres Padilla', 25629430, 992238201),
(53, 'YESID ', 'DE LA RIVERA', 'PRIVERA', 'FLAMENCA135', 'G. FLAMENCA ', '', 2, 1, 'Lourdes Andrea Torres Padilla', 0, 2147483647),
(54, 'MARIANO', 'MARTINEZ ', 'PMARTINEZ', 'ELECTRICA135', 'G. ELECTRICA', '', 2, 1, 'Lourdes Andrea Torres Padilla', 42337302, 941828440),
(55, 'FIORELLA', 'QUINTANA ', 'PQUINTANA', 'TEORICOS135', 'TEORICOS', '', 2, 1, 'Lourdes Andrea Torres Padilla', 44503134, 941481694),
(56, 'DIEGO ', 'YNGA', 'PDYNGA', 'CANTO135', 'CANTO ', '', 2, 1, 'Lourdes Andrea Torres Padilla', 46988082, 956739729),
(57, 'AMALIA ', 'MUÑOZ ', 'PMUÑOZ', 'PIANO135', 'PIANO ', '', 2, 2, 'Lourdes Andrea Torres Padilla', 9672724, 997222273),
(58, ' EKATERINA ', 'VARGAS', 'PVARGAS', 'PIANO135', 'PIANO ', '', 2, 2, 'Lourdes Andrea Torres Padilla', 46960828, 46960828),
(59, 'DANIEL ', 'MORGADE', 'PMORGADE', 'GUITARRA135', 'GUITARRA ', '', 2, 2, 'Lourdes Andrea Torres Padilla', 48879371, 945735815),
(60, 'FRANK ', 'CASTILLO', 'PCASTILLO', 'GUITARRA135', 'GUITARRA ', '', 2, 2, 'Lourdes Andrea Torres Padilla', 10198839, 999385774),
(61, 'SUSANA', 'JAIME', 'PJAIME', 'CANTO135', 'CANTO - PIANO', '', 2, 2, 'Lourdes Andrea Torres Padilla', 45594211, 951031177),
(62, 'URSULA ', 'LEANDRO ', 'PLEANDRO', 'CANTO135', 'CANTO ', '', 2, 2, 'Lourdes Andrea Torres Padilla', 70417455, 987452350),
(64, 'GIOVANNY ', 'RIVEROS', 'PRIVEROS', 'GUITARRA135', 'GUITARRA', '', 2, 1, 'Lourdes Andrea Torres Padilla', 0, 431705341),
(65, 'GUSTAVO', 'YATACO ', 'PYATACO', 'GUITARRA135', 'GUITARRA', '', 2, 1, 'Lourdes Andrea Torres Padilla', 15355825, 968166118),
(66, 'MARIO', 'ARTETA', 'PARTETA', 'CANTO135', 'CANTO', '', 2, 1, 'Lourdes Andrea Torres Padilla', 0, 968422668),
(67, 'RUDY ', 'UBILLUS ', 'PUBILLUS', 'TROMPETA135', 'TROMPETA', '', 2, 1, 'Lourdes Andrea Torres Padilla', 40848051, 931725873),
(68, 'ANA ', 'LANDAETA ', 'PLANDAETA', 'TRAVERSA135', 'FLAUTA TRAVERSA', '', 2, 1, 'Lourdes Andrea Torres Padilla', 2456910, 926852027),
(69, 'CARLOS ', 'GIFFORD ', 'PGIFFORD', 'BATERIA135', 'BATERIA', '', 2, 1, 'Lourdes Andrea Torres Padilla', 47516043, 47516043),
(70, 'ALICIA ', 'JIMENEZ ', 'PJIMENEZ', 'CORO135', 'TALLER DE CORO', '', 2, 1, 'Lourdes Andrea Torres Padilla', 2147483647, 2147483647),
(71, 'ANGELHI', 'LIZA ', 'PLIZA', 'CANTO135', 'CANTO - PIANO', '', 2, 1, 'Lourdes Andrea Torres Padilla', 41118637, 965114267),
(72, 'CARLOS ', 'SANCHEZ ', 'PCSANCHEZ', 'GUITARRA135', 'GUITARRA', '', 2, 1, 'Lourdes Andrea Torres Padilla', 6716180, 940734774),
(73, 'LUIS ', 'BATISTA ', 'PBATISTA', 'CELLO135', 'CELLO', '', 2, 2, 'Lourdes Andrea Torres Padilla', 650712, 2147483647),
(74, 'AFFONSO ', 'SCHMIDT', 'PSCHMIDT', 'FAGOT135', 'FAGOT - TEORICOS', '', 2, 1, 'Lourdes Andrea Torres Padilla', 78642, 924176147),
(76, 'PAUL ', 'THIESEN', '', '', 'TROMBON', '', 2, 1, NULL, 0, 0),
(77, 'MARINES', 'QUINTEROS', '', '', 'VIOLIN', '', 2, 1, NULL, 0, 0),
(78, 'JOSE', 'CRUZ', '', '', 'COUCH', '', 2, 1, NULL, 0, 0),
(79, 'ABEL', 'GARCIA', '', '', 'SAXOFON', '', 2, 1, NULL, 0, 0),
(80, 'KASSANDRA', 'GUTIERREZ', 'PGUTIERREZ', 'VIOLIN135', 'PIANO - VIOLIN', '', 2, 1, 'Lourdes Andrea Torres Padilla', 0, 0),
(81, 'MAGDALENA', 'REYES', 'PREYES', 'CANTO135', 'CANTO', '', 2, 1, 'Lourdes Andrea Torres Padilla', 0, 0),
(82, 'RAFAEL', 'GONZALES', 'PGONZALES', 'TEORICOS135', 'TEORICOS', '', 2, 1, 'Lourdes Andrea Torres Padilla', 0, 0),
(83, 'MICHAEL', 'DIAZ', 'PDIAZ', 'GUITARRA135', 'GUITARRA - TEORICOS', '', 2, 1, 'Lourdes Andrea Torres Padilla', 42408182, 0),
(84, 'IVAN', 'PAREDES', 'PPAREDES', 'TROMBON135', 'TROMBON - EUFONIO', '', 2, 1, 'Lourdes Andrea Torres Padilla', 0, 0),
(85, 'YOHUALLI', 'ROSAS', 'PROSAS', 'GUITARRA135', 'GUITARRA - TEORICOS', '', 2, 1, 'Lourdes Andrea Torres Padilla', 0, 0),
(86, 'ANA PAULA', 'ROMERO', 'PROMERO', 'TEORICOS135', 'TEORICOS', '', 2, 1, 'Lourdes Andrea Torres Padilla', 46923673, 0),
(87, 'MARILUZ ', 'ALCALA', 'PALCALA', 'CELLO135', 'CELLO', '', 2, 1, 'Lourdes Andrea Torres Padilla', 0, 0),
(88, 'JOSE', 'FLORES', 'PJFLORES', 'BANDA135', 'TALLER DE BANDA', '', 2, 1, 'Lourdes Andrea Torres Padilla', 0, 0),
(90, 'BRUNO', 'COZ', 'PCOZ', 'GUITARRA135', 'TEORIAS - GUITARRA', '', 2, 1, 'Lourdes Andrea Torres Padilla', 72185841, 0),
(91, 'DINA', 'CHINCHAY', 'PCHINCHAY', 'TRAVERSA123', 'TEORIA - FLAUTA TRAVERSA', '', 2, 1, 'Lourdes Andrea Torres Padilla', 16657828, 0),
(92, 'NICOLAS', 'MARQUEZ', 'PMARQUEZ', 'TROMBON135', 'TROMBON', '', 2, 1, 'Lourdes Andrea Torres Padilla', 0, 0),
(93, 'ADELIS', 'MARIN', 'PMARIN', 'CELLO135', 'PIANO - VIOLIN - CELLO', '', 2, 1, 'Lourdes Andrea Torres Padilla', 5009642, 0),
(95, 'ADRIANE', 'DINIZ', 'PDINIZ', 'OBOE135', 'OBOE', '', 2, 1, 'Lourdes Andrea Torres Padilla', 0, 0),
(96, 'ANDREY', 'YAROVAY', 'PYAROVAY', 'VIOLA135', 'VIOLA', '', 2, 1, 'Lourdes Andrea Torres Padilla', 0, 0),
(97, 'OMAR', 'ALVAREZ', 'PALVAREZ', 'PIANO135', 'TEORICOS - PIANO', '', 2, 1, 'Lourdes Andrea Torres Padilla', 0, 0),
(98, 'MARISOL', 'GARAY', 'PGARAY', 'INSTRUMENTO', 'ESPECIALIDAD', '', 2, 1, 'Lourdes Andrea Torres Padilla', 12345678, 123456789),
(99, 'Prueba usuario', 'Pomajulca Razabal', 'profe1', 'sabrina', '', 'imagenes/4024466.jpg', 2, 1, 'Chacho Chacho', 76232414, 987912688),
(101, 'Prueba usuario', 'Pomajulca Razabal', 'superadmin', 'sabrina', 'Piano - de 9 años a +', '', 2, 1, '', 76232414, 987912688),
(105, 'fdsf', 'sdfsd', 'profe1', 'sabrina', 'Piano - de 9 años a +', 'imagenes/49076987_2267143719977112_4255470781040951296_n.jpg', 2, 1, '', 76232414, 987912688),
(106, 'Prueba usuario', 'Pomajulca Razabal', 'estudiante', 'estudiante', '', 'imagenes/2.png', 4, 2, 'Chacho Chacho', 76232414, 123422);

-- --------------------------------------------------------

--
-- Estructura de tabla para la tabla `alumno`
--

CREATE TABLE `alumno` (
  `id_alum` int(11) NOT NULL,
  `nombres` varchar(225) DEFAULT NULL,
  `apellidos` varchar(225) DEFAULT NULL,
  `edad` int(3) DEFAULT NULL,
  `fecha_inicio` date DEFAULT NULL,
  `fecha_fin` date DEFAULT NULL,
  `hora` int(11) DEFAULT NULL,
  `minuto` int(11) DEFAULT NULL,
  `curso` varchar(225) DEFAULT NULL,
  `especialidad` varchar(223) DEFAULT NULL,
  `obsevaciones` varchar(500) DEFAULT NULL,
  `profesor` int(11) DEFAULT NULL
) ENGINE=InnoDB DEFAULT CHARSET=utf8mb4;

--
-- Volcado de datos para la tabla `alumno`
--

INSERT INTO `alumno` (`id_alum`, `nombres`, `apellidos`, `edad`, `fecha_inicio`, `fecha_fin`, `hora`, `minuto`, `curso`, `especialidad`, `obsevaciones`, `profesor`) VALUES
(4, 'SALLY', 'ESPINAL', 25, '2021-05-07', '2021-05-24', 2, 10, 'LIBRE', 'CANTO', 'EL ALUMNOS', 4),
(5, 'LUIS', 'GAVILAN', 25, '2021-05-09', '2021-05-15', 1, 30, 'SUPERIOR', 'PIANO', 'LE TOCA UNA VEZ POR SEMANA', 4);

-- --------------------------------------------------------

--
-- Estructura de tabla para la tabla `categoria`
--

CREATE TABLE `categoria` (
  `id_cat` int(11) NOT NULL,
  `nombre` varchar(45) DEFAULT NULL
) ENGINE=InnoDB DEFAULT CHARSET=utf8mb4;

--
-- Volcado de datos para la tabla `categoria`
--

INSERT INTO `categoria` (`id_cat`, `nombre`) VALUES
(1, 'Curso Libre'),
(2, 'Teoría'),
(3, 'Practica'),
(4, 'Diplomado'),
(5, 'Superior'),
(6, 'Fobas'),
(7, 'Fobas niño'),
(8, 'Especialidad');

-- --------------------------------------------------------

--
-- Estructura de tabla para la tabla `curso`
--

CREATE TABLE `curso` (
  `id_curso` int(11) NOT NULL,
  `categoria` varchar(45) CHARACTER SET utf8 COLLATE utf8_unicode_ci DEFAULT NULL,
  `tipo` varchar(45) CHARACTER SET utf8 COLLATE utf8_unicode_ci DEFAULT NULL,
  `cantidad` int(6) DEFAULT NULL,
  `tiempo` int(4) DEFAULT NULL,
  `fecha` date DEFAULT NULL,
  `id_pro` int(4) DEFAULT NULL,
  `id_mes` int(4) DEFAULT NULL,
  `modificado` varchar(50) NOT NULL,
  `modo` varchar(50) DEFAULT NULL
) ENGINE=InnoDB DEFAULT CHARSET=latin1;

--
-- Volcado de datos para la tabla `curso`
--

INSERT INTO `curso` (`id_curso`, `categoria`, `tipo`, `cantidad`, `tiempo`, `fecha`, `id_pro`, `id_mes`, `modificado`, `modo`) VALUES
(1, '5', '6', 1, 60, '2021-06-01', 22, 6, '', NULL),
(2, '1', '2', 2, 45, '2021-06-01', 22, 6, '', NULL),
(3, '1', '2', 4, 45, '2021-06-01', 80, 6, '', NULL),
(4, '1', '2', 4, 45, '2021-06-01', 71, 6, '', NULL),
(5, '1', '2', 2, 45, '2021-06-01', 21, 6, '', NULL),
(6, '1', '2', 2, 45, '2021-06-01', 39, 6, '', NULL),
(7, '5', '6', 1, 60, '2021-06-01', 81, 6, '', NULL),
(8, '4', '4', 2, 60, '2021-06-01', 81, 6, '', NULL),
(9, '1', '2', 2, 45, '2021-06-01', 69, 6, '', NULL),
(10, '5', '6', 2, 60, '2021-06-01', 24, 6, '', NULL),
(11, '1', '2', 1, 45, '2021-06-01', 24, 6, '', NULL),
(12, '6', '8', 1, 60, '2021-06-01', 24, 6, '', NULL),
(13, '1', '2', 1, 45, '2021-06-01', 26, 6, '', NULL),
(14, '5', '5', 1, 60, '2021-06-01', 26, 6, '', NULL),
(15, '4', '4', 1, 60, '2021-06-01', 54, 6, '', NULL),
(16, '1', '2', 3, 45, '2021-06-01', 25, 6, '', NULL),
(17, '1', '2', 2, 45, '2021-06-01', 29, 6, '', NULL),
(18, '1', '2', 2, 45, '2021-06-01', 16, 6, '', NULL),
(19, '1', '2', 1, 45, '2021-06-01', 33, 6, '', NULL),
(20, '2', '13', 1, 45, '2021-06-01', 28, 6, '', NULL),
(21, '5', '5', 1, 45, '2021-06-01', 28, 6, '', NULL),
(22, '5', '5', 1, 60, '2021-06-01', 19, 6, '', NULL),
(23, '5', '5', 1, 45, '2021-06-01', 37, 6, '', NULL),
(24, '5', '5', 1, 45, '2021-06-01', 47, 6, '', NULL),
(25, '5', '5', 2, 60, '2021-06-01', 82, 6, '', NULL),
(26, '1', '2', 1, 45, '2021-06-01', 68, 6, '', NULL),
(27, '4', '4', 1, 60, '2021-06-01', 64, 6, '', NULL),
(28, '5', '6', 1, 60, '2021-06-01', 64, 6, '', NULL),
(29, '1', '2', 1, 45, '2021-06-02', 51, 6, '', NULL),
(30, '5', '6', 1, 90, '2021-06-01', 64, 6, '', NULL),
(31, '5', '5', 1, 90, '2021-06-01', 47, 6, '', NULL),
(32, '5', '5', 1, 60, '2021-06-02', 22, 6, '', NULL),
(33, '1', '2', 5, 45, '2021-06-02', 80, 6, '', NULL),
(34, '4', '4', 1, 60, '2021-06-02', 23, 6, '', NULL),
(35, '5', '6', 2, 60, '2021-06-02', 23, 6, '', NULL),
(36, '1', '2', 2, 60, '2021-06-02', 23, 6, '', NULL),
(37, '5', '6', 1, 60, '2021-06-02', 30, 6, '', NULL),
(38, '1', '2', 2, 45, '2021-06-02', 71, 6, '', NULL),
(39, '5', '6', 1, 60, '2021-06-02', 66, 6, '', NULL),
(40, '1', '2', 1, 45, '2021-06-02', 69, 6, '', NULL),
(41, '1', '2', 3, 45, '2021-06-02', 24, 6, '', NULL),
(42, '4', '4', 1, 60, '2021-06-02', 24, 6, '', NULL),
(43, '6', '8', 1, 60, '2021-06-02', 32, 6, '', NULL),
(44, '6', '8', 1, 60, '2021-06-02', 31, 6, '', NULL),
(45, '7', '10', 1, 60, '2021-06-01', 31, 6, '', NULL),
(46, '4', '4', 1, 60, '2021-06-02', 31, 6, '', NULL),
(47, '1', '2', 2, 45, '2021-06-02', 26, 6, '', NULL),
(48, '5', '6', 1, 90, '2021-06-02', 64, 6, '', NULL),
(49, '4', '4', 1, 60, '2021-06-02', 64, 6, '', NULL),
(50, '1', '2', 2, 45, '2021-06-02', 40, 6, '', NULL),
(51, '1', '2', 1, 45, '2021-06-02', 25, 6, '', NULL),
(52, '1', '2', 2, 45, '2021-06-02', 29, 6, '', NULL),
(53, '6', '7', 1, 60, '2021-06-02', 29, 6, '', NULL),
(54, '1', '2', 1, 45, '2021-06-02', 53, 6, '', NULL),
(55, '4', '4', 2, 60, '2021-06-02', 34, 6, '', NULL),
(56, '6', '8', 1, 60, '2021-06-02', 34, 6, '', NULL),
(57, '5', '6', 1, 60, '2021-06-02', 34, 6, '', NULL),
(58, '1', '2', 1, 45, '2021-06-02', 16, 6, '', NULL),
(59, '6', '7', 1, 60, '2021-06-01', 28, 6, '', NULL),
(60, '6', '7', 1, 60, '2021-06-02', 37, 6, '', NULL),
(61, '4', '4', 1, 60, '2021-06-02', 68, 6, '', NULL),
(62, '1', '2', 3, 45, '2021-06-03', 22, 6, '', NULL),
(63, '6', '7', 1, 60, '2021-06-03', 22, 6, '', NULL),
(64, '4', '4', 1, 60, '2021-06-03', 23, 6, '', NULL),
(65, '1', '2', 1, 45, '2021-06-03', 30, 6, '', NULL),
(66, '5', '6', 1, 60, '2021-06-03', 30, 6, '', NULL),
(67, '1', '2', 2, 45, '2021-06-03', 71, 6, '', NULL),
(68, '1', '2', 1, 45, '2021-06-03', 21, 6, '', NULL),
(69, '1', '2', 2, 45, '2021-06-03', 39, 6, '', NULL),
(70, '1', '2', 1, 60, '2021-06-03', 56, 6, '', NULL),
(71, '4', '4', 1, 60, '2021-06-03', 49, 6, '', NULL),
(72, '5', '6', 1, 60, '2021-06-03', 24, 6, '', NULL),
(73, '6', '8', 2, 60, '2021-06-03', 24, 6, '', NULL),
(74, '1', '2', 1, 45, '2021-06-03', 24, 6, '', NULL),
(75, '4', '4', 1, 60, '2021-06-03', 34, 6, '', NULL),
(76, '1', '2', 3, 45, '2021-06-03', 33, 6, '', NULL),
(77, '5', '5', 1, 45, '2021-06-03', 28, 6, '', NULL),
(78, '5', '5', 1, 60, '2021-06-03', 28, 6, '', NULL),
(79, '6', '7', 1, 60, '2021-06-03', 28, 6, '', NULL),
(80, '5', '5', 1, 60, '2021-06-03', 37, 6, '', NULL),
(81, '6', '7', 1, 90, '2021-06-03', 83, 6, '', NULL),
(82, '4', '4', 1, 60, '2021-06-03', 84, 6, '', NULL),
(83, '5', '6', 1, 60, '2021-06-03', 84, 6, '', NULL),
(84, '6', '8', 1, 60, '2021-06-03', 84, 6, '', NULL),
(85, '4', '3', 1, 60, '2021-06-03', 65, 6, '', NULL),
(86, '6', '7', 1, 60, '2021-06-03', 65, 6, '', NULL),
(87, '4', '4', 1, 60, '2021-06-03', 65, 6, '', NULL),
(88, '1', '2', 2, 45, '2021-06-03', 25, 6, '', NULL),
(89, '6', '7', 1, 60, '2021-06-03', 25, 6, '', NULL),
(90, '1', '2', 4, 45, '2021-06-03', 29, 6, '', NULL),
(91, '5', '5', 1, 60, '2021-06-03', 29, 6, '', NULL),
(92, '1', '2', 1, 45, '2021-06-03', 68, 6, '', NULL),
(93, '6', '8', 1, 60, '2021-06-03', 68, 6, '', NULL),
(94, '6', '7', 1, 60, '2021-06-04', 22, 6, '', NULL),
(95, '1', '2', 1, 45, '2021-06-04', 71, 6, '', NULL),
(96, '1', '2', 1, 45, '2021-06-04', 39, 6, '', NULL),
(97, '1', '2', 3, 45, '2021-06-04', 24, 6, '', NULL),
(98, '4', '4', 3, 60, '2021-06-04', 24, 6, '', NULL),
(99, '6', '7', 1, 60, '2021-06-03', 42, 6, '', NULL),
(100, '5', '5', 1, 45, '2021-06-04', 42, 6, '', NULL),
(101, '5', '5', 2, 60, '2021-06-04', 42, 6, '', NULL),
(102, '6', '7', 1, 60, '2021-06-04', 85, 6, '', NULL),
(103, '1', '2', 2, 45, '2021-06-04', 25, 6, '', NULL),
(104, '5', '6', 1, 90, '2021-06-04', 29, 6, '', NULL),
(105, '5', '5', 1, 45, '2021-06-04', 29, 6, '', NULL),
(106, '1', '2', 1, 60, '2021-06-04', 29, 6, '', NULL),
(107, '6', '7', 1, 60, '2021-06-04', 29, 6, '', NULL),
(108, '1', '2', 1, 45, '2021-06-04', 53, 6, '', NULL),
(109, '1', '2', 1, 45, '2021-06-04', 34, 6, '', NULL),
(110, '1', '2', 1, 45, '2021-06-04', 16, 6, '', NULL),
(111, '1', '2', 3, 45, '2021-06-04', 33, 6, '', NULL),
(112, '6', '7', 1, 60, '2021-06-04', 28, 6, '', NULL),
(113, '5', '5', 1, 60, '2021-06-04', 28, 6, '', NULL),
(114, '5', '5', 1, 45, '2021-06-04', 18, 6, '', NULL),
(115, '6', '7', 1, 60, '2021-06-04', 18, 6, '', NULL),
(116, '5', '5', 1, 60, '2021-06-04', 19, 6, '', NULL),
(117, '4', '3', 1, 60, '2021-06-04', 86, 6, '', NULL),
(118, '6', '7', 1, 60, '2021-06-04', 37, 6, '', NULL),
(119, '5', '5', 1, 60, '2021-06-04', 55, 6, '', NULL),
(120, '6', '8', 1, 60, '2021-06-04', 67, 6, '', NULL),
(121, '4', '4', 1, 60, '2021-06-04', 67, 6, '', NULL),
(122, '1', '2', 1, 45, '2021-06-04', 51, 6, '', NULL),
(123, '1', '2', 1, 45, '2021-06-04', 80, 6, '', NULL),
(124, '1', '2', 1, 45, '2021-06-04', 69, 6, '', NULL),
(125, '1', '2', 4, 45, '2021-06-05', 22, 6, '', NULL),
(126, '7', '9', 1, 60, '2021-06-05', 22, 6, '', NULL),
(127, '1', '2', 3, 45, '2021-06-05', 80, 6, '', NULL),
(128, '7', '10', 1, 60, '2021-06-05', 23, 6, '', NULL),
(129, '6', '8', 1, 60, '2021-06-05', 23, 6, '', NULL),
(130, '4', '4', 1, 60, '2021-06-05', 23, 6, '', NULL),
(131, '1', '2', 3, 45, '2021-06-05', 30, 6, '', NULL),
(132, '1', '2', 2, 45, '2021-06-05', 71, 6, '', NULL),
(133, '8', '12', 1, 90, '2021-06-05', 71, 6, '', NULL),
(134, '1', '1', 1, 60, '2021-06-05', 27, 6, '', NULL),
(135, '1', '2', 2, 45, '2021-06-05', 27, 6, '', NULL),
(136, '1', '2', 1, 60, '2021-06-05', 21, 6, '', NULL),
(137, '4', '4', 1, 60, '2021-06-05', 21, 6, '', NULL),
(138, '1', '2', 3, 45, '2021-06-05', 39, 6, '', NULL),
(139, '4', '4', 1, 60, '2021-06-05', 49, 6, '', NULL),
(140, '6', '8', 1, 60, '2021-06-05', 49, 6, '', NULL),
(141, '5', '6', 1, 60, '2021-06-05', 49, 6, '', NULL),
(142, '1', '2', 1, 45, '2021-06-05', 24, 6, '', NULL),
(144, '1', '2', 1, 60, '2021-06-05', 24, 6, '', NULL),
(145, '4', '4', 2, 60, '2021-06-05', 24, 6, '', NULL),
(147, '6', '8', 1, 60, '2021-06-05', 32, 6, '', NULL),
(148, '5', '6', 1, 60, '2021-06-05', 32, 6, '', NULL),
(149, '1', '2', 2, 45, '2021-06-05', 42, 6, '', NULL),
(150, '2', '13', 1, 60, '2021-06-05', 74, 6, '', NULL),
(151, '1', '2', 4, 45, '2021-06-05', 40, 6, '', NULL),
(152, '1', '2', 3, 45, '2021-06-05', 25, 6, '', NULL),
(153, '7', '9', 1, 60, '2021-06-05', 25, 6, '', NULL),
(154, '1', '2', 1, 45, '2021-06-05', 29, 6, '', NULL),
(155, '1', '2', 1, 60, '2021-06-05', 29, 6, '', NULL),
(156, '7', '9', 1, 60, '2021-06-05', 29, 6, '', NULL),
(157, '2', '13', 2, 60, '2021-06-05', 38, 6, '', NULL),
(158, '4', '4', 1, 60, '2021-06-05', 34, 6, '', NULL),
(159, '7', '10', 1, 60, '2021-06-05', 34, 6, '', NULL),
(160, '1', '2', 3, 45, '2021-06-05', 16, 6, '', NULL),
(161, '1', '2', 1, 45, '2021-06-05', 33, 6, '', NULL),
(162, '1', '1', 1, 60, '2021-06-05', 28, 6, '', NULL),
(163, '4', '3', 1, 60, '2021-06-05', 18, 6, '', NULL),
(164, '5', '5', 1, 60, '2021-06-05', 20, 6, '', NULL),
(165, '5', '5', 2, 90, '2021-06-05', 19, 6, '', NULL),
(166, '4', '3', 1, 60, '2021-06-05', 19, 6, '', NULL),
(167, '1', '1', 1, 60, '2021-06-05', 37, 6, '', NULL),
(168, '4', '3', 2, 60, '2021-06-05', 37, 6, '', NULL),
(169, '4', '4', 1, 60, '2021-06-05', 68, 6, '', NULL),
(170, '6', '8', 1, 60, '2021-06-05', 67, 6, '', NULL),
(171, '4', '3', 1, 60, '2021-06-05', 70, 6, '', NULL),
(172, '1', '1', 1, 60, '2021-06-05', 43, 6, '', NULL),
(173, '1', '2', 1, 45, '2021-06-05', 43, 6, '', NULL),
(174, '1', '1', 1, 60, '2021-06-06', 80, 6, '', NULL),
(175, '4', '4', 2, 60, '2021-06-06', 23, 6, '', NULL),
(176, '5', '6', 1, 60, '2021-06-06', 23, 6, '', NULL),
(177, '4', '3', 1, 60, '2021-06-06', 74, 6, '', NULL),
(178, '1', '1', 1, 60, '2021-06-06', 25, 6, '', NULL),
(179, '1', '2', 1, 45, '2021-06-06', 25, 6, '', NULL),
(180, '1', '2', 2, 45, '2021-06-06', 72, 6, '', NULL),
(182, '6', '8', 1, 60, '2021-06-06', 34, 6, '', NULL),
(183, '1', '2', 1, 45, '2021-06-06', 16, 6, '', NULL),
(184, '1', '2', 2, 45, '2021-06-06', 33, 6, '', NULL),
(185, '4', '3', 1, 60, '2021-06-06', 86, 6, '', NULL),
(186, '4', '3', 1, 60, '2021-06-06', 50, 6, '', NULL),
(187, '4', '3', 1, 60, '2021-06-06', 55, 6, '', NULL),
(188, '1', '2', 1, 45, '2021-06-06', 87, 6, '', NULL),
(189, '1', '2', 2, 45, '2021-06-07', 51, 6, '', NULL),
(190, '1', '2', 2, 45, '2021-06-07', 22, 6, '', NULL),
(191, '1', '2', 1, 60, '2021-06-07', 22, 6, '', NULL),
(192, '5', '5', 1, 45, '2021-06-07', 22, 6, '', NULL),
(193, '1', '2', 1, 45, '2021-06-07', 71, 6, '', NULL),
(194, '5', '6', 1, 90, '2021-06-07', 49, 6, '', NULL),
(195, '5', '6', 1, 60, '2021-06-07', 32, 6, '', NULL),
(196, '1', '2', 1, 45, '2021-06-07', 26, 6, '', NULL),
(197, '5', '5', 1, 60, '2021-06-07', 42, 6, '', NULL),
(198, '5', '5', 1, 45, '2021-06-07', 42, 6, '', NULL),
(199, '4', '4', 1, 60, '2021-06-07', 54, 6, '', NULL),
(200, '1', '2', 2, 45, '2021-06-07', 40, 6, '', NULL),
(201, '1', '2', 1, 60, '2021-06-07', 29, 6, '', NULL),
(202, '5', '5', 1, 60, '2021-06-07', 29, 6, '', NULL),
(203, '1', '2', 1, 60, '2021-06-07', 53, 6, '', NULL),
(204, '4', '4', 1, 60, '2021-06-07', 34, 6, '', NULL),
(205, '1', '2', 1, 60, '2021-06-07', 34, 6, '', NULL),
(206, '1', '2', 1, 45, '2021-06-07', 16, 6, '', NULL),
(207, '5', '5', 1, 45, '2021-06-07', 28, 6, '', NULL),
(208, '5', '5', 1, 45, '2021-06-07', 18, 6, '', NULL),
(209, '5', '5', 1, 45, '2021-06-07', 37, 6, '', NULL),
(210, '4', '4', 1, 60, '2021-06-07', 67, 6, '', NULL),
(211, '1', '2', 1, 45, '2021-06-07', 67, 6, '', NULL),
(212, '1', '2', 1, 60, '2021-06-07', 56, 6, '', NULL),
(213, '5', '6', 1, 60, '2021-06-08', 22, 6, '', NULL),
(214, '1', '2', 1, 45, '2021-06-08', 22, 6, '', NULL),
(215, '1', '2', 5, 45, '2021-06-08', 80, 6, '', NULL),
(216, '1', '2', 2, 45, '2021-06-08', 71, 6, '', NULL),
(217, '1', '2', 1, 45, '2021-06-08', 21, 6, '', NULL),
(218, '1', '2', 1, 45, '2021-06-08', 56, 6, '', NULL),
(219, '1', '2', 2, 45, '2021-06-08', 69, 6, '', NULL),
(220, '5', '6', 1, 60, '2021-06-08', 24, 6, '', NULL),
(221, '6', '8', 1, 60, '2021-06-08', 24, 6, '', NULL),
(222, '1', '2', 1, 45, '2021-06-08', 26, 6, '', NULL),
(223, '5', '5', 1, 60, '2021-06-08', 26, 6, '', NULL),
(224, '5', '6', 1, 60, '2021-06-08', 64, 6, '', NULL),
(225, '4', '4', 1, 60, '2021-06-08', 64, 6, '', NULL),
(226, '4', '4', 1, 60, '2021-06-08', 85, 6, '', NULL),
(227, '4', '4', 1, 60, '2021-06-08', 54, 6, '', NULL),
(228, '1', '2', 2, 45, '2021-06-08', 29, 6, '', NULL),
(229, '1', '2', 2, 45, '2021-06-08', 16, 6, '', NULL),
(230, '1', '2', 1, 45, '2021-06-08', 33, 6, '', NULL),
(231, '5', '5', 1, 45, '2021-06-08', 28, 6, '', NULL),
(232, '1', '1', 1, 45, '2021-06-08', 28, 6, '', NULL),
(233, '5', '5', 1, 60, '2021-06-08', 19, 6, '', NULL),
(234, '5', '5', 1, 45, '2021-06-08', 37, 6, '', NULL),
(235, '5', '5', 1, 45, '2021-06-08', 47, 6, '', NULL),
(236, '5', '5', 1, 60, '2021-06-08', 47, 6, '', NULL),
(237, '5', '5', 2, 60, '2021-06-08', 82, 6, '', NULL),
(238, '1', '2', 1, 45, '2021-06-08', 68, 6, '', NULL),
(239, '1', '2', 1, 45, '2021-06-08', 39, 6, '', NULL),
(240, '1', '2', 1, 45, '2021-06-09', 51, 6, '', NULL),
(241, '5', '5', 1, 60, '2021-06-09', 22, 6, '', NULL),
(242, '1', '2', 4, 45, '2021-06-09', 80, 6, '', NULL),
(243, '4', '4', 1, 60, '2021-06-09', 23, 6, '', NULL),
(244, '5', '6', 1, 60, '2021-06-09', 23, 6, '', NULL),
(245, '5', '6', 1, 60, '2021-06-09', 30, 6, '', NULL),
(246, '1', '2', 2, 45, '2021-06-09', 71, 6, '', NULL),
(247, '5', '6', 1, 60, '2021-06-09', 66, 6, '', NULL),
(248, '1', '2', 1, 45, '2021-06-09', 69, 6, '', NULL),
(249, '1', '2', 3, 45, '2021-06-09', 24, 6, '', NULL),
(250, '4', '4', 1, 60, '2021-06-09', 24, 6, '', NULL),
(251, '6', '8', 1, 60, '2021-06-09', 32, 6, '', NULL),
(252, '6', '8', 1, 60, '2021-06-09', 31, 6, '', NULL),
(253, '7', '10', 1, 60, '2021-06-09', 31, 6, '', NULL),
(254, '1', '2', 2, 45, '2021-06-09', 26, 6, '', NULL),
(255, '5', '6', 1, 90, '2021-06-09', 64, 6, '', NULL),
(256, '4', '4', 1, 60, '2021-06-09', 64, 6, '', NULL),
(257, '1', '2', 1, 45, '2021-06-09', 40, 6, '', NULL),
(258, '1', '2', 1, 45, '2021-06-09', 25, 6, '', NULL),
(259, '1', '2', 2, 45, '2021-06-09', 29, 6, '', NULL),
(260, '6', '7', 1, 60, '2021-06-09', 29, 6, '', NULL),
(261, '1', '2', 1, 45, '2021-06-09', 53, 6, '', NULL),
(262, '4', '4', 2, 60, '2021-06-09', 34, 6, '', NULL),
(263, '6', '8', 1, 60, '2021-06-09', 34, 6, '', NULL),
(264, '5', '6', 1, 60, '2021-06-09', 34, 6, '', NULL),
(265, '1', '2', 1, 45, '2021-06-09', 16, 6, '', NULL),
(266, '6', '7', 1, 60, '2021-06-09', 28, 6, '', NULL),
(267, '6', '7', 1, 60, '2021-06-09', 37, 6, '', NULL),
(268, '4', '4', 1, 60, '2021-06-09', 68, 6, '', NULL),
(269, '1', '2', 3, 45, '2021-06-10', 22, 6, '', NULL),
(270, '6', '7', 1, 60, '2021-06-10', 22, 6, '', NULL),
(271, '4', '4', 1, 60, '2021-06-10', 23, 6, '', NULL),
(272, '1', '2', 1, 45, '2021-06-10', 30, 6, '', NULL),
(273, '5', '6', 1, 60, '2021-06-10', 30, 6, '', NULL),
(274, '1', '2', 1, 45, '2021-06-10', 21, 6, '', NULL),
(275, '1', '2', 2, 45, '2021-06-10', 39, 6, '', NULL),
(276, '1', '2', 1, 60, '2021-06-10', 56, 6, '', NULL),
(277, '1', '2', 1, 45, '2021-06-10', 69, 6, '', NULL),
(278, '5', '6', 1, 60, '2021-06-10', 49, 6, '', NULL),
(279, '5', '6', 1, 60, '2021-06-10', 24, 6, '', NULL),
(280, '6', '8', 2, 60, '2021-06-10', 24, 6, '', NULL),
(281, '1', '2', 1, 45, '2021-06-10', 24, 6, '', NULL),
(282, '1', '2', 2, 45, '2021-06-10', 33, 6, '', NULL),
(283, '5', '5', 1, 45, '2021-06-10', 28, 6, '', NULL),
(285, '5', '5', 1, 60, '2021-06-10', 28, 6, '', NULL),
(286, '6', '7', 1, 60, '2021-06-10', 28, 6, '', NULL),
(287, '5', '5', 1, 60, '2021-06-10', 37, 6, '', NULL),
(288, '6', '7', 1, 60, '2021-06-10', 83, 6, '', NULL),
(289, '5', '6', 1, 60, '2021-06-10', 84, 6, '', NULL),
(290, '6', '8', 1, 60, '2021-06-10', 84, 6, '', NULL),
(291, '6', '7', 1, 60, '2021-06-10', 42, 6, '', NULL),
(292, '6', '7', 1, 60, '2021-06-10', 65, 6, '', NULL),
(293, '4', '4', 1, 60, '2021-06-10', 65, 6, '', NULL),
(294, '4', '3', 1, 60, '2021-06-10', 65, 6, '', NULL),
(295, '1', '2', 2, 45, '2021-06-10', 25, 6, '', NULL),
(296, '6', '7', 1, 60, '2021-06-10', 25, 6, '', NULL),
(297, '1', '2', 4, 45, '2021-06-10', 29, 6, '', NULL),
(298, '5', '5', 1, 60, '2021-06-10', 29, 6, '', NULL),
(299, '1', '2', 1, 45, '2021-06-10', 68, 6, '', NULL),
(300, '6', '8', 1, 60, '2021-06-10', 68, 6, '', NULL),
(301, '1', '2', 2, 45, '2021-06-11', 51, 6, '', NULL),
(302, '6', '7', 1, 60, '2021-06-11', 22, 6, '', NULL),
(303, '1', '2', 1, 45, '2021-06-11', 22, 6, '', NULL),
(304, '1', '2', 2, 45, '2021-06-11', 80, 6, '', NULL),
(305, '1', '2', 1, 45, '2021-06-11', 39, 6, '', NULL),
(306, '1', '2', 1, 45, '2021-06-11', 27, 6, '', NULL),
(307, '1', '2', 3, 45, '2021-06-11', 24, 6, '', NULL),
(308, '4', '4', 1, 60, '2021-06-11', 24, 6, '', NULL),
(309, '5', '5', 1, 45, '2021-06-11', 42, 6, '', NULL),
(310, '5', '5', 2, 60, '2021-06-11', 42, 6, '', NULL),
(311, '6', '7', 1, 60, '2021-06-11', 85, 6, '', NULL),
(312, '1', '2', 1, 45, '2021-06-11', 25, 6, '', NULL),
(313, '5', '6', 1, 90, '2021-06-11', 29, 6, '', NULL),
(314, '5', '5', 1, 45, '2021-06-11', 29, 6, '', NULL),
(315, '1', '2', 2, 45, '2021-06-11', 53, 6, '', NULL),
(316, '1', '2', 1, 45, '2021-06-11', 34, 6, '', NULL),
(317, '1', '2', 1, 45, '2021-06-11', 16, 6, '', NULL),
(318, '1', '2', 3, 45, '2021-06-11', 33, 6, '', NULL),
(319, '6', '7', 1, 60, '2021-06-11', 28, 6, '', NULL),
(320, '5', '5', 1, 60, '2021-06-11', 28, 6, '', NULL),
(321, '5', '5', 4, 45, '2021-06-11', 18, 6, '', NULL),
(322, '6', '7', 1, 60, '2021-06-11', 18, 6, '', NULL),
(323, '5', '5', 1, 60, '2021-06-11', 19, 6, '', NULL),
(324, '4', '3', 1, 60, '2021-06-11', 86, 6, '', NULL),
(325, '6', '7', 1, 60, '2021-06-11', 37, 6, '', NULL),
(326, '5', '5', 1, 60, '2021-06-11', 55, 6, '', NULL),
(327, '6', '8', 1, 60, '2021-06-11', 67, 6, '', NULL),
(328, '4', '4', 1, 60, '2021-06-11', 67, 6, '', NULL),
(329, '1', '2', 4, 45, '2021-06-12', 22, 6, '', NULL),
(330, '7', '9', 1, 60, '2021-06-12', 22, 6, '', NULL),
(331, '5', '5', 1, 45, '2021-06-12', 22, 6, '', NULL),
(332, '1', '2', 4, 45, '2021-06-12', 80, 6, '', NULL),
(333, '6', '8', 1, 60, '2021-06-12', 23, 6, '', NULL),
(334, '4', '4', 1, 60, '2021-06-12', 23, 6, '', NULL),
(335, '1', '2', 3, 45, '2021-06-12', 30, 6, '', NULL),
(336, '8', '12', 1, 90, '2021-06-12', 71, 6, '', NULL),
(337, '1', '2', 2, 45, '2021-06-12', 71, 6, '', NULL),
(338, '1', '1', 1, 60, '2021-06-12', 27, 6, '', NULL),
(339, '1', '2', 2, 45, '2021-06-12', 27, 6, '', NULL),
(340, '4', '4', 1, 60, '2021-06-12', 21, 6, '', NULL),
(341, '1', '2', 4, 45, '2021-06-12', 39, 6, '', NULL),
(342, '5', '6', 1, 60, '2021-06-12', 81, 6, '', NULL),
(343, '4', '4', 1, 60, '2021-06-12', 81, 6, '', NULL),
(344, '4', '4', 1, 60, '2021-06-12', 49, 6, '', NULL),
(345, '6', '8', 1, 60, '2021-06-12', 49, 6, '', NULL),
(346, '5', '6', 1, 60, '2021-06-12', 49, 6, '', NULL),
(347, '1', '2', 1, 60, '2021-06-12', 24, 6, '', NULL),
(348, '1', '2', 1, 45, '2021-06-12', 24, 6, '', NULL),
(349, '6', '8', 1, 60, '2021-06-12', 32, 6, '', NULL),
(350, '5', '6', 1, 60, '2021-06-12', 32, 6, '', NULL),
(351, '1', '2', 2, 45, '2021-06-12', 42, 6, '', NULL),
(352, '1', '1', 1, 60, '2021-06-12', 74, 6, '', NULL),
(353, '1', '2', 3, 45, '2021-06-12', 40, 6, '', NULL),
(354, '1', '2', 3, 45, '2021-06-12', 25, 6, '', NULL),
(355, '7', '9', 1, 60, '2021-06-12', 25, 6, '', NULL),
(356, '1', '2', 2, 45, '2021-06-12', 29, 6, '', NULL),
(357, '1', '2', 1, 60, '2021-06-12', 29, 6, '', NULL),
(358, '7', '9', 1, 60, '2021-06-12', 29, 6, '', NULL),
(359, '2', '13', 2, 60, '2021-06-12', 38, 6, '', NULL),
(360, '1', '2', 1, 45, '2021-06-12', 34, 6, '', NULL),
(361, '7', '10', 1, 60, '2021-06-12', 34, 6, '', NULL),
(362, '4', '4', 1, 60, '2021-06-12', 34, 6, '', NULL),
(363, '1', '2', 3, 45, '2021-06-12', 16, 6, '', NULL),
(364, '1', '2', 1, 45, '2021-06-12', 33, 6, '', NULL),
(365, '1', '1', 1, 60, '2021-06-12', 28, 6, '', NULL),
(366, '4', '3', 1, 60, '2021-06-12', 18, 6, '', NULL),
(367, '5', '5', 1, 60, '2021-06-12', 20, 6, '', NULL),
(368, '5', '5', 2, 60, '2021-06-12', 19, 6, '', NULL),
(369, '4', '3', 1, 60, '2021-06-12', 19, 6, '', NULL),
(370, '4', '3', 2, 60, '2021-06-12', 37, 6, '', NULL),
(371, '1', '1', 1, 60, '2021-06-12', 37, 6, '', NULL),
(372, '4', '4', 1, 60, '2021-06-12', 68, 6, '', NULL),
(373, '1', '1', 1, 60, '2021-06-12', 43, 6, '', NULL),
(374, '1', '2', 1, 45, '2021-06-12', 43, 6, '', NULL),
(375, '6', '8', 1, 60, '2021-06-12', 67, 6, '', NULL),
(376, '1', '1', 1, 60, '2021-06-12', 80, 6, '', NULL),
(377, '4', '4', 1, 90, '2021-06-13', 23, 6, '', NULL),
(378, '4', '4', 1, 60, '2021-06-13', 23, 6, '', NULL),
(379, '5', '6', 2, 60, '2021-06-13', 23, 6, '', NULL),
(380, '1', '2', 2, 45, '2021-06-13', 27, 6, '', NULL),
(381, '1', '2', 2, 60, '2021-06-13', 23, 6, '', NULL),
(382, '4', '4', 1, 60, '2021-06-13', 81, 6, '', NULL),
(383, '4', '4', 2, 60, '2021-06-13', 24, 6, '', NULL),
(384, '1', '2', 3, 45, '2021-06-13', 24, 6, '', NULL),
(385, '4', '3', 1, 60, '2021-06-13', 70, 6, '', NULL),
(386, '4', '3', 1, 60, '2021-06-13', 74, 6, '', NULL),
(387, '1', '1', 1, 60, '2021-06-13', 25, 6, '', NULL),
(388, '1', '2', 2, 45, '2021-06-13', 72, 6, '', NULL),
(389, '1', '1', 2, 60, '2021-06-13', 28, 6, '', NULL),
(390, '6', '8', 1, 60, '2021-06-13', 34, 6, '', NULL),
(391, '4', '3', 1, 60, '2021-06-13', 86, 6, '', NULL),
(392, '4', '3', 1, 90, '2021-06-13', 50, 6, '', NULL),
(393, '4', '3', 1, 60, '2021-06-13', 50, 6, '', NULL),
(394, '4', '3', 1, 60, '2021-06-13', 55, 6, '', NULL),
(395, '1', '2', 1, 45, '2021-06-13', 87, 6, '', NULL),
(396, '1', '2', 1, 45, '2021-06-14', 51, 6, '', NULL),
(397, '1', '2', 3, 45, '2021-06-14', 22, 6, '', NULL),
(398, '1', '2', 1, 60, '2021-06-14', 22, 6, '', NULL),
(399, '5', '5', 1, 45, '2021-06-14', 22, 6, '', NULL),
(400, '1', '2', 1, 45, '2021-06-14', 71, 6, '', NULL),
(401, '1', '2', 1, 60, '2021-06-14', 71, 6, '', NULL),
(402, '1', '2', 1, 60, '2021-06-14', 56, 6, '', NULL),
(403, '5', '6', 1, 90, '2021-06-14', 49, 6, '', NULL),
(404, '1', '2', 1, 45, '2021-06-14', 24, 6, '', NULL),
(405, '5', '6', 1, 60, '2021-06-14', 32, 6, '', NULL),
(406, '1', '2', 1, 45, '2021-06-14', 26, 6, '', NULL),
(407, '5', '5', 1, 60, '2021-06-14', 42, 6, '', NULL),
(408, '5', '5', 1, 45, '2021-06-14', 42, 6, '', NULL),
(409, '4', '4', 1, 60, '2021-06-14', 54, 6, '', NULL),
(410, '1', '2', 1, 60, '2021-06-14', 40, 6, '', NULL),
(411, '1', '2', 2, 45, '2021-06-14', 40, 6, '', NULL),
(412, '1', '2', 1, 60, '2021-06-14', 29, 6, '', NULL),
(413, '5', '5', 1, 60, '2021-06-14', 29, 6, '', NULL),
(414, '1', '2', 1, 60, '2021-06-14', 53, 6, '', NULL),
(415, '4', '4', 1, 60, '2021-06-14', 34, 6, '', NULL),
(416, '1', '2', 2, 45, '2021-06-14', 16, 6, '', NULL),
(417, '5', '5', 1, 45, '2021-06-14', 28, 6, '', NULL),
(418, '5', '5', 1, 45, '2021-06-14', 18, 6, '', NULL),
(419, '5', '5', 1, 45, '2021-06-14', 37, 6, '', NULL),
(420, '4', '4', 1, 60, '2021-06-14', 67, 6, '', NULL),
(421, '1', '2', 1, 45, '2021-06-14', 67, 6, '', NULL),
(422, '1', '2', 1, 45, '2021-06-14', 69, 6, '', NULL),
(423, '5', '6', 1, 60, '2021-06-15', 22, 6, '', NULL),
(424, '1', '2', 2, 45, '2021-06-15', 22, 6, '', NULL),
(425, '1', '2', 5, 45, '2021-06-15', 80, 6, '', NULL),
(426, '1', '2', 2, 45, '2021-06-15', 71, 6, '', NULL),
(427, '1', '2', 1, 45, '2021-06-15', 39, 6, '', NULL),
(428, '1', '2', 1, 45, '2021-06-15', 56, 6, '', NULL),
(429, '1', '2', 1, 45, '2021-06-15', 69, 6, '', NULL),
(430, '5', '6', 1, 60, '2021-06-15', 24, 6, '', NULL),
(431, '6', '8', 1, 60, '2021-06-15', 24, 6, '', NULL),
(432, '1', '2', 1, 45, '2021-06-15', 26, 6, '', NULL),
(433, '5', '5', 1, 60, '2021-06-15', 26, 6, '', NULL),
(434, '4', '4', 1, 60, '2021-06-15', 64, 6, '', NULL),
(435, '5', '6', 1, 60, '2021-06-15', 64, 6, '', NULL),
(436, '5', '6', 1, 90, '2021-06-15', 64, 6, '', NULL),
(437, '4', '4', 1, 60, '2021-06-15', 54, 6, '', NULL),
(438, '4', '4', 1, 60, '2021-06-15', 85, 6, '', NULL),
(439, '1', '2', 1, 45, '2021-06-15', 25, 6, '', NULL),
(440, '1', '2', 2, 45, '2021-06-15', 29, 6, '', NULL),
(441, '1', '2', 1, 45, '2021-06-15', 33, 6, '', NULL),
(442, '5', '5', 1, 45, '2021-06-15', 28, 6, '', NULL),
(443, '1', '1', 1, 45, '2021-06-15', 28, 6, '', NULL),
(444, '5', '5', 1, 60, '2021-06-15', 19, 6, '', NULL),
(445, '5', '5', 1, 45, '2021-06-15', 37, 6, '', NULL),
(446, '5', '5', 1, 45, '2021-06-15', 47, 6, '', NULL),
(447, '5', '5', 1, 90, '2021-06-15', 47, 6, '', NULL),
(448, '5', '5', 2, 60, '2021-06-15', 82, 6, '', NULL),
(449, '1', '2', 1, 45, '2021-06-15', 68, 6, '', NULL),
(450, '1', '2', 2, 45, '2021-06-15', 16, 6, '', NULL),
(451, '5', '5', 1, 60, '2021-06-16', 22, 6, '', NULL),
(452, '1', '2', 1, 45, '2021-06-16', 51, 6, '', NULL),
(453, '1', '2', 3, 45, '2021-06-16', 80, 6, '', NULL),
(454, '5', '6', 2, 60, '2021-06-16', 23, 6, '', NULL),
(455, '1', '2', 2, 60, '2021-06-16', 23, 6, '', NULL),
(456, '4', '4', 1, 60, '2021-06-16', 23, 6, '', NULL),
(457, '5', '6', 1, 60, '2021-06-16', 30, 6, '', NULL),
(458, '1', '2', 2, 45, '2021-06-16', 71, 6, '', NULL),
(459, '5', '6', 1, 60, '2021-06-16', 66, 6, '', NULL),
(460, '5', '6', 1, 60, '2021-06-16', 69, 6, '', NULL),
(461, '1', '2', 1, 45, '2021-06-16', 69, 6, '', NULL),
(462, '1', '2', 2, 45, '2021-06-16', 24, 6, '', NULL),
(463, '4', '4', 1, 60, '2021-06-16', 24, 6, '', NULL),
(464, '6', '8', 1, 60, '2021-06-16', 32, 6, '', NULL),
(465, '6', '8', 1, 60, '2021-06-16', 31, 6, '', NULL),
(466, '7', '10', 1, 60, '2021-06-16', 31, 6, '', NULL),
(467, '4', '4', 1, 60, '2021-06-16', 31, 6, '', NULL),
(468, '1', '2', 2, 45, '2021-06-16', 26, 6, '', NULL),
(469, '5', '6', 1, 90, '2021-06-16', 64, 6, '', NULL),
(470, '4', '4', 1, 60, '2021-06-16', 64, 6, '', NULL),
(471, '1', '2', 2, 45, '2021-06-16', 40, 6, '', NULL),
(472, '1', '2', 1, 45, '2021-06-16', 29, 6, '', NULL),
(473, '6', '7', 1, 60, '2021-06-16', 29, 6, '', NULL),
(474, '1', '2', 1, 45, '2021-06-16', 53, 6, '', NULL),
(475, '4', '4', 2, 60, '2021-06-16', 34, 6, '', NULL),
(476, '6', '8', 1, 60, '2021-06-16', 34, 6, '', NULL),
(477, '5', '6', 1, 60, '2021-06-16', 34, 6, '', NULL),
(478, '1', '2', 1, 45, '2021-06-16', 16, 6, '', NULL),
(479, '6', '7', 1, 60, '2021-06-16', 28, 6, '', NULL),
(480, '6', '7', 1, 60, '2021-06-16', 37, 6, '', NULL),
(481, '4', '4', 1, 60, '2021-06-16', 68, 6, '', NULL),
(482, '1', '2', 2, 45, '2021-06-17', 22, 6, '', NULL),
(483, '6', '7', 1, 60, '2021-06-17', 22, 6, '', NULL),
(484, '4', '4', 1, 60, '2021-06-17', 23, 6, '', NULL),
(485, '5', '6', 1, 60, '2021-06-17', 30, 6, '', NULL),
(486, '1', '2', 1, 45, '2021-06-17', 30, 6, '', NULL),
(487, '1', '2', 3, 45, '2021-06-17', 71, 6, '', NULL),
(488, '1', '2', 2, 45, '2021-06-17', 21, 6, '', NULL),
(489, '1', '2', 3, 45, '2021-06-17', 39, 6, '', NULL),
(490, '1', '2', 1, 60, '2021-06-17', 56, 6, '', NULL),
(491, '1', '2', 2, 45, '2021-06-17', 69, 6, '', NULL),
(492, '5', '6', 1, 60, '2021-06-17', 49, 6, '', NULL),
(493, '6', '8', 2, 60, '2021-06-17', 24, 6, '', NULL),
(494, '5', '6', 1, 60, '2021-06-17', 24, 6, '', NULL),
(495, '4', '4', 1, 60, '2021-06-17', 34, 6, '', NULL),
(496, '1', '2', 2, 45, '2021-06-17', 33, 6, '', NULL),
(497, '6', '7', 1, 60, '2021-06-17', 42, 6, '', NULL),
(498, '6', '7', 1, 60, '2021-06-17', 65, 6, '', NULL),
(499, '4', '4', 1, 60, '2021-06-17', 65, 6, '', NULL),
(500, '4', '3', 1, 60, '2021-06-17', 65, 6, '', NULL),
(501, '1', '2', 2, 45, '2021-06-17', 25, 6, '', NULL),
(502, '6', '7', 1, 60, '2021-06-17', 25, 6, '', NULL),
(503, '1', '2', 4, 45, '2021-06-17', 29, 6, '', NULL),
(504, '5', '5', 1, 60, '2021-06-17', 29, 6, '', NULL),
(505, '6', '7', 1, 60, '2021-06-17', 28, 6, '', NULL),
(506, '5', '5', 1, 60, '2021-06-17', 28, 6, '', NULL),
(507, '5', '5', 1, 45, '2021-06-17', 28, 6, '', NULL),
(508, '5', '5', 1, 60, '2021-06-17', 37, 6, '', NULL),
(509, '6', '7', 1, 60, '2021-06-17', 83, 6, '', NULL),
(510, '4', '4', 1, 60, '2021-06-17', 84, 6, '', NULL),
(511, '5', '6', 1, 60, '2021-06-17', 84, 6, '', NULL),
(512, '6', '8', 1, 60, '2021-06-17', 84, 6, '', NULL),
(513, '1', '2', 1, 45, '2021-06-17', 68, 6, '', NULL),
(514, '6', '8', 1, 60, '2021-06-17', 68, 6, '', NULL),
(515, '1', '2', 2, 45, '2021-06-18', 51, 6, '', NULL),
(516, '1', '2', 1, 45, '2021-06-18', 22, 6, '', NULL),
(517, '6', '7', 1, 60, '2021-06-18', 22, 6, '', NULL),
(518, '1', '2', 3, 45, '2021-06-18', 80, 6, '', NULL),
(519, '1', '2', 1, 60, '2021-06-18', 71, 6, '', NULL),
(520, '1', '2', 1, 45, '2021-06-18', 71, 6, '', NULL),
(521, '1', '2', 1, 45, '2021-06-18', 39, 6, '', NULL),
(523, '1', '2', 2, 45, '2021-06-18', 24, 6, '', NULL),
(524, '4', '4', 2, 60, '2021-06-18', 24, 6, '', NULL),
(525, '5', '5', 1, 45, '2021-06-18', 42, 6, '', NULL),
(526, '5', '5', 2, 60, '2021-06-18', 42, 6, '', NULL),
(527, '6', '7', 1, 60, '2021-06-18', 85, 6, '', NULL),
(528, '1', '2', 1, 60, '2021-06-18', 40, 6, '', NULL),
(529, '1', '2', 2, 45, '2021-06-18', 25, 6, '', NULL),
(530, '5', '5', 1, 45, '2021-06-18', 29, 6, '', NULL),
(531, '5', '6', 1, 60, '2021-06-18', 29, 6, '', NULL),
(532, '1', '2', 1, 60, '2021-06-18', 29, 6, '', NULL),
(533, '6', '7', 1, 60, '2021-06-18', 29, 6, '', NULL),
(534, '1', '2', 2, 45, '2021-06-18', 53, 6, '', NULL),
(535, '1', '2', 1, 45, '2021-06-18', 34, 6, '', NULL),
(536, '1', '2', 1, 45, '2021-06-18', 16, 6, '', NULL),
(537, '1', '2', 3, 45, '2021-06-18', 33, 6, '', NULL),
(538, '6', '7', 1, 60, '2021-06-18', 28, 6, '', NULL),
(539, '5', '5', 1, 60, '2021-06-18', 28, 6, '', NULL),
(540, '5', '5', 4, 45, '2021-06-18', 18, 6, '', NULL),
(541, '6', '7', 1, 60, '2021-06-18', 18, 6, '', NULL),
(542, '5', '5', 1, 60, '2021-06-18', 19, 6, '', NULL),
(543, '4', '3', 1, 60, '2021-06-18', 86, 6, '', NULL),
(544, '6', '7', 1, 60, '2021-06-18', 37, 6, '', NULL),
(545, '1', '2', 4, 45, '2021-06-19', 22, 6, '', NULL),
(546, '7', '9', 1, 60, '2021-06-19', 22, 6, '', NULL),
(547, '1', '2', 4, 45, '2021-06-19', 80, 6, '', NULL),
(548, '7', '10', 1, 60, '2021-06-19', 23, 6, '', NULL),
(549, '6', '8', 1, 60, '2021-06-19', 23, 6, '', NULL),
(550, '4', '4', 1, 60, '2021-06-19', 23, 6, '', NULL),
(551, '1', '2', 3, 45, '2021-06-19', 30, 6, '', NULL),
(552, '1', '2', 2, 45, '2021-06-19', 71, 6, '', NULL),
(553, '8', '12', 1, 90, '2021-06-19', 71, 6, '', NULL),
(554, '4', '4', 1, 60, '2021-06-19', 21, 6, '', NULL),
(555, '1', '2', 4, 45, '2021-06-19', 39, 6, '', NULL),
(556, '4', '4', 1, 60, '2021-06-19', 49, 6, '', NULL),
(557, '6', '8', 1, 60, '2021-06-19', 49, 6, '', NULL),
(558, '1', '2', 1, 60, '2021-06-19', 24, 6, '', NULL),
(559, '1', '2', 1, 45, '2021-06-19', 24, 6, '', NULL),
(560, '4', '4', 1, 60, '2021-06-19', 24, 6, '', NULL),
(561, '6', '8', 1, 60, '2021-06-19', 32, 6, '', NULL),
(562, '5', '6', 1, 60, '2021-06-19', 32, 6, '', NULL),
(563, '1', '2', 1, 45, '2021-06-19', 42, 6, '', NULL),
(564, '1', '2', 4, 45, '2021-06-19', 40, 6, '', NULL),
(565, '1', '2', 2, 45, '2021-06-19', 25, 6, '', NULL),
(566, '7', '9', 1, 60, '2021-06-19', 25, 6, '', NULL),
(567, '7', '9', 1, 60, '2021-06-19', 29, 6, '', NULL),
(568, '1', '2', 2, 45, '2021-06-19', 29, 6, '', NULL),
(569, '1', '1', 1, 60, '2021-06-19', 28, 6, '', NULL),
(570, '2', '13', 1, 60, '2021-06-06', 38, 6, '', NULL),
(571, '2', '13', 2, 60, '2021-06-19', 38, 6, '', NULL),
(572, '1', '2', 1, 45, '2021-06-19', 34, 6, '', NULL),
(573, '4', '4', 1, 60, '2021-06-19', 34, 6, '', NULL),
(574, '7', '10', 1, 60, '2021-06-19', 34, 6, '', NULL),
(575, '5', '5', 1, 60, '2021-06-18', 55, 6, '', NULL),
(576, '6', '8', 1, 60, '2021-06-19', 67, 6, '', NULL),
(577, '4', '4', 1, 60, '2021-06-19', 67, 6, '', NULL),
(578, '1', '2', 2, 45, '2021-06-19', 16, 6, '', NULL),
(579, '1', '2', 1, 45, '2021-06-19', 33, 6, '', NULL),
(580, '4', '3', 1, 60, '2021-06-19', 18, 6, '', NULL),
(581, '5', '5', 1, 60, '2021-06-19', 20, 6, '', NULL),
(582, '5', '5', 2, 60, '2021-06-19', 19, 6, '', NULL),
(583, '4', '3', 1, 60, '2021-06-19', 19, 6, '', NULL),
(584, '1', '1', 1, 60, '2021-06-19', 37, 6, '', NULL),
(585, '4', '3', 2, 60, '2021-06-19', 37, 6, '', NULL),
(586, '4', '4', 1, 60, '2021-06-19', 68, 6, '', NULL),
(587, '1', '2', 1, 45, '2021-06-19', 43, 6, '', NULL),
(588, '1', '1', 1, 60, '2021-06-19', 43, 6, '', NULL),
(589, '6', '8', 1, 60, '2021-06-19', 67, 6, '', NULL),
(590, '1', '1', 1, 60, '2021-06-19', 27, 6, '', NULL),
(591, '1', '2', 2, 45, '2021-06-19', 27, 6, '', NULL),
(592, '1', '1', 1, 60, '2021-06-20', 80, 6, '', NULL),
(593, '4', '4', 2, 60, '2021-06-20', 23, 6, '', NULL),
(594, '5', '6', 1, 60, '2021-06-20', 23, 6, '', NULL),
(595, '1', '2', 2, 45, '2021-06-20', 27, 6, '', NULL),
(596, '4', '4', 2, 60, '2021-06-20', 24, 6, '', NULL),
(597, '1', '2', 2, 45, '2021-06-20', 24, 6, '', NULL),
(598, '4', '3', 1, 60, '2021-06-20', 70, 6, '', NULL),
(599, '4', '3', 1, 60, '2021-06-20', 74, 6, '', NULL),
(600, '1', '1', 1, 60, '2021-06-20', 25, 6, '', NULL),
(601, '1', '2', 2, 45, '2021-06-20', 72, 6, '', NULL),
(602, '1', '2', 1, 45, '2021-06-20', 53, 6, '', NULL),
(603, '2', '13', 1, 60, '2021-06-20', 38, 6, '', NULL),
(604, '6', '8', 1, 60, '2021-06-20', 34, 6, '', NULL),
(605, '1', '2', 1, 45, '2021-06-20', 16, 6, '', NULL),
(606, '1', '2', 2, 45, '2021-06-20', 33, 6, '', NULL),
(607, '1', '1', 1, 60, '2021-06-20', 28, 6, '', NULL),
(608, '4', '3', 1, 60, '2021-06-20', 86, 6, '', NULL),
(609, '4', '3', 1, 60, '2021-06-20', 50, 6, '', NULL),
(610, '4', '3', 1, 90, '2021-06-20', 50, 6, '', NULL),
(611, '4', '3', 1, 60, '2021-06-20', 55, 6, '', NULL),
(612, '1', '2', 1, 45, '2021-06-20', 87, 6, '', NULL),
(613, '1', '2', 1, 60, '2021-06-21', 22, 6, '', NULL),
(614, '1', '2', 2, 45, '2021-06-21', 22, 6, '', NULL),
(615, '5', '5', 1, 45, '2021-06-21', 22, 6, '', NULL),
(618, '1', '2', 1, 60, '2021-06-21', 56, 6, '', NULL),
(619, '5', '6', 1, 90, '2021-06-21', 49, 6, '', NULL),
(620, '1', '2', 1, 45, '2021-06-21', 69, 6, '', NULL),
(621, '1', '2', 1, 45, '2021-06-21', 24, 6, '', NULL),
(622, '5', '6', 1, 60, '2021-06-21', 32, 6, '', NULL),
(623, '1', '2', 1, 45, '2021-06-21', 26, 6, '', NULL),
(624, '5', '5', 1, 45, '2021-06-21', 42, 6, '', NULL),
(625, '5', '5', 1, 60, '2021-06-21', 42, 6, '', NULL),
(626, '4', '4', 1, 60, '2021-06-21', 54, 6, '', NULL),
(627, '1', '2', 2, 45, '2021-06-21', 40, 6, '', NULL),
(628, '1', '2', 1, 60, '2021-06-21', 40, 6, '', NULL),
(629, '1', '2', 1, 60, '2021-06-21', 29, 6, '', NULL),
(630, '5', '5', 1, 60, '2021-06-21', 29, 6, '', NULL),
(631, '1', '2', 1, 60, '2021-06-21', 53, 6, '', NULL),
(632, '4', '4', 1, 60, '2021-06-21', 34, 6, '', NULL),
(633, '1', '2', 2, 45, '2021-06-21', 16, 6, '', NULL),
(634, '5', '5', 1, 45, '2021-06-21', 28, 6, '', NULL),
(635, '5', '5', 1, 45, '2021-06-21', 37, 6, '', NULL),
(636, '4', '4', 1, 60, '2021-06-21', 67, 6, '', NULL),
(637, '1', '2', 1, 45, '2021-06-21', 67, 6, '', NULL),
(638, '5', '6', 1, 60, '2021-06-22', 22, 6, '', NULL),
(639, '1', '2', 2, 45, '2021-06-22', 22, 6, '', NULL),
(640, '1', '2', 5, 45, '2021-06-22', 80, 6, '', NULL),
(641, '1', '2', 2, 45, '2021-06-22', 71, 6, '', NULL),
(642, '1', '2', 1, 45, '2021-06-22', 21, 6, '', NULL),
(643, '1', '2', 2, 45, '2021-06-22', 39, 6, '', NULL),
(644, '1', '2', 1, 45, '2021-06-22', 56, 6, '', NULL),
(645, '5', '6', 1, 60, '2021-06-22', 81, 6, '', NULL),
(646, '4', '4', 2, 60, '2021-06-22', 81, 6, '', NULL),
(647, '1', '2', 2, 45, '2021-06-22', 69, 6, '', NULL),
(648, '5', '6', 1, 60, '2021-06-22', 24, 6, '', NULL),
(649, '6', '8', 1, 60, '2021-06-22', 24, 6, '', NULL),
(650, '1', '2', 1, 45, '2021-06-22', 26, 6, '', NULL),
(651, '5', '5', 1, 60, '2021-06-22', 26, 6, '', NULL),
(652, '1', '2', 1, 45, '2021-06-22', 42, 6, '', NULL),
(653, '4', '4', 1, 60, '2021-06-22', 64, 6, '', NULL),
(654, '5', '6', 1, 60, '2021-06-22', 64, 6, '', NULL),
(655, '4', '4', 1, 60, '2021-06-22', 54, 6, '', NULL),
(656, '4', '4', 1, 60, '2021-06-22', 85, 6, '', NULL),
(657, '1', '2', 2, 45, '2021-06-22', 25, 6, '', NULL),
(658, '1', '2', 2, 45, '2021-06-22', 29, 6, '', NULL),
(659, '1', '2', 2, 45, '2021-06-22', 16, 6, '', NULL),
(660, '1', '2', 1, 45, '2021-06-22', 33, 6, '', NULL),
(661, '1', '1', 1, 45, '2021-06-22', 28, 6, '', NULL),
(662, '5', '5', 1, 45, '2021-06-22', 28, 6, '', NULL),
(663, '5', '5', 1, 60, '2021-06-22', 19, 6, '', NULL),
(664, '5', '5', 1, 45, '2021-06-22', 37, 6, '', NULL),
(665, '5', '5', 1, 45, '2021-06-22', 47, 6, '', NULL),
(666, '5', '5', 1, 60, '2021-06-22', 47, 6, '', NULL),
(667, '5', '5', 2, 60, '2021-06-22', 82, 6, '', NULL),
(668, '5', '5', 1, 60, '2021-06-23', 22, 6, '', NULL),
(669, '1', '2', 3, 45, '2021-06-23', 80, 6, '', NULL),
(670, '4', '4', 1, 60, '2021-06-23', 23, 6, '', NULL),
(671, '5', '6', 2, 60, '2021-06-23', 23, 6, '', NULL),
(672, '5', '6', 1, 60, '2021-06-23', 30, 6, '', NULL),
(673, '1', '2', 2, 45, '2021-06-23', 71, 6, '', NULL),
(674, '5', '6', 1, 60, '2021-06-23', 66, 6, '', NULL),
(675, '5', '6', 1, 60, '2021-06-23', 69, 6, '', NULL),
(676, '1', '2', 2, 45, '2021-06-23', 24, 6, '', NULL),
(677, '4', '4', 1, 60, '2021-06-23', 24, 6, '', NULL),
(678, '6', '8', 1, 60, '2021-06-23', 32, 6, '', NULL),
(679, '6', '8', 1, 60, '2021-06-23', 31, 6, '', NULL),
(680, '4', '4', 1, 60, '2021-06-23', 31, 6, '', NULL),
(681, '7', '10', 1, 60, '2021-06-23', 31, 6, '', NULL),
(682, '1', '2', 2, 45, '2021-06-23', 26, 6, '', NULL),
(683, '5', '6', 1, 90, '2021-06-23', 64, 6, '', NULL),
(684, '4', '4', 1, 60, '2021-06-23', 64, 6, '', NULL),
(685, '1', '2', 2, 45, '2021-06-23', 40, 6, '', NULL),
(686, '6', '7', 1, 60, '2021-06-23', 29, 6, '', NULL),
(687, '1', '2', 1, 45, '2021-06-23', 53, 6, '', NULL),
(688, '4', '4', 2, 60, '2021-06-23', 34, 6, '', NULL),
(689, '6', '8', 1, 60, '2021-06-23', 34, 6, '', NULL),
(690, '5', '6', 1, 60, '2021-06-23', 34, 6, '', NULL),
(691, '1', '2', 1, 45, '2021-06-23', 16, 6, '', NULL),
(692, '6', '7', 1, 60, '2021-06-23', 28, 6, '', NULL),
(693, '6', '7', 1, 60, '2021-06-23', 37, 6, '', NULL),
(694, '4', '4', 1, 60, '2021-06-23', 68, 6, '', NULL),
(695, '1', '2', 1, 45, '2021-06-23', 67, 6, '', NULL),
(696, '1', '2', 1, 45, '2021-06-24', 22, 6, '', NULL),
(697, '6', '7', 1, 60, '2021-06-24', 22, 6, '', NULL),
(698, '4', '4', 1, 60, '2021-06-24', 23, 6, '', NULL),
(699, '5', '6', 1, 60, '2021-06-24', 30, 6, '', NULL),
(700, '1', '2', 1, 45, '2021-06-24', 30, 6, '', NULL),
(701, '1', '2', 4, 45, '2021-06-24', 71, 6, '', NULL),
(702, '1', '2', 1, 45, '2021-06-24', 21, 6, '', NULL),
(703, '1', '2', 2, 45, '2021-06-24', 39, 6, '', NULL),
(705, '1', '2', 1, 60, '2021-06-24', 56, 6, '', NULL),
(706, '1', '2', 1, 45, '2021-06-24', 69, 6, '', NULL),
(707, '4', '4', 1, 60, '2021-06-24', 49, 6, '', NULL),
(708, '5', '6', 1, 60, '2021-06-24', 24, 6, '', NULL),
(710, '6', '8', 2, 60, '2021-06-24', 24, 6, '', NULL),
(711, '1', '2', 1, 45, '2021-06-24', 24, 6, '', NULL),
(712, '4', '4', 1, 60, '2021-06-24', 34, 6, '', NULL),
(713, '1', '2', 2, 45, '2021-06-24', 33, 6, '', NULL),
(714, '6', '7', 1, 60, '2021-06-24', 42, 6, '', NULL),
(715, '6', '7', 1, 60, '2021-06-24', 65, 6, '', NULL),
(716, '4', '3', 1, 60, '2021-06-24', 65, 6, '', NULL),
(717, '4', '4', 1, 60, '2021-06-24', 65, 6, '', NULL),
(718, '1', '2', 2, 45, '2021-06-24', 25, 6, '', NULL),
(719, '6', '7', 1, 60, '2021-06-24', 25, 6, '', NULL),
(720, '1', '2', 4, 45, '2021-06-24', 29, 6, '', NULL),
(721, '5', '5', 1, 60, '2021-06-24', 29, 6, '', NULL),
(722, '5', '5', 1, 45, '2021-06-24', 28, 6, '', NULL),
(723, '5', '5', 1, 60, '2021-06-24', 28, 6, '', NULL),
(724, '6', '7', 1, 60, '2021-06-24', 28, 6, '', NULL),
(725, '5', '5', 1, 60, '2021-06-24', 37, 6, '', NULL),
(726, '6', '7', 1, 60, '2021-06-24', 83, 6, '', NULL),
(727, '4', '4', 1, 60, '2021-06-24', 84, 6, '', NULL),
(728, '5', '6', 1, 60, '2021-06-24', 84, 6, '', NULL),
(729, '6', '8', 1, 60, '2021-06-24', 84, 6, '', NULL),
(730, '1', '2', 1, 45, '2021-06-24', 68, 6, '', NULL),
(731, '6', '8', 1, 60, '2021-06-24', 68, 6, '', NULL),
(732, '5', '6', 1, 60, '2021-06-24', 81, 6, '', NULL),
(733, '4', '4', 2, 60, '2021-06-24', 81, 6, '', NULL),
(734, '1', '2', 2, 45, '2021-06-25', 80, 6, '', NULL),
(735, '1', '2', 2, 45, '2021-06-25', 51, 6, '', NULL),
(736, '1', '2', 1, 45, '2021-06-25', 22, 6, '', NULL),
(737, '6', '7', 1, 60, '2021-06-25', 22, 6, '', NULL),
(738, '1', '2', 1, 60, '2021-06-25', 71, 6, '', NULL),
(739, '1', '2', 1, 45, '2021-06-25', 39, 6, '', NULL),
(740, '4', '4', 2, 60, '2021-06-25', 24, 6, '', NULL),
(741, '1', '2', 2, 45, '2021-06-25', 24, 6, '', NULL),
(742, '5', '5', 1, 45, '2021-06-25', 42, 6, '', NULL),
(743, '5', '5', 2, 45, '2021-06-25', 42, 6, '', NULL),
(744, '6', '7', 1, 60, '2021-06-25', 85, 6, '', NULL),
(745, '1', '2', 2, 60, '2021-06-25', 40, 6, '', NULL),
(746, '5', '6', 1, 60, '2021-06-25', 29, 6, '', NULL),
(747, '1', '2', 1, 60, '2021-06-25', 29, 6, '', NULL),
(748, '5', '5', 1, 45, '2021-06-25', 29, 6, '', NULL),
(749, '6', '7', 1, 60, '2021-06-25', 29, 6, '', NULL),
(750, '1', '2', 2, 45, '2021-06-25', 53, 6, '', NULL),
(751, '1', '2', 1, 45, '2021-06-25', 34, 6, '', NULL),
(752, '1', '2', 1, 45, '2021-06-25', 16, 6, '', NULL),
(753, '1', '2', 2, 45, '2021-06-25', 33, 6, '', NULL),
(754, '6', '7', 1, 60, '2021-06-25', 28, 6, '', NULL),
(755, '5', '5', 1, 60, '2021-06-25', 28, 6, '', NULL),
(756, '5', '5', 4, 45, '2021-06-25', 18, 6, '', NULL),
(757, '6', '7', 1, 60, '2021-06-25', 18, 6, '', NULL),
(758, '5', '5', 1, 60, '2021-06-25', 19, 6, '', NULL),
(759, '4', '3', 1, 60, '2021-06-25', 86, 6, '', NULL),
(760, '6', '7', 1, 60, '2021-06-25', 37, 6, '', NULL),
(761, '5', '5', 1, 60, '2021-06-25', 55, 6, '', NULL),
(762, '6', '8', 1, 60, '2021-06-25', 67, 6, '', NULL),
(763, '5', '6', 1, 60, '2021-06-25', 67, 6, '', NULL),
(764, '7', '9', 1, 60, '2021-06-26', 22, 6, '', NULL),
(765, '1', '2', 3, 45, '2021-06-26', 22, 6, '', NULL),
(766, '1', '2', 4, 45, '2021-06-26', 80, 6, '', NULL),
(767, '7', '10', 1, 60, '2021-06-26', 23, 6, '', NULL),
(768, '6', '8', 1, 60, '2021-06-26', 23, 6, '', NULL),
(769, '4', '4', 1, 60, '2021-06-26', 23, 6, '', NULL),
(770, '1', '2', 3, 45, '2021-06-26', 30, 6, '', NULL),
(771, '1', '1', 1, 60, '2021-06-26', 27, 6, '', NULL),
(772, '1', '2', 2, 45, '2021-06-26', 27, 6, '', NULL),
(773, '4', '4', 1, 60, '2021-06-26', 21, 6, '', NULL),
(774, '1', '2', 3, 45, '2021-06-26', 39, 6, '', NULL),
(775, '5', '6', 1, 60, '2021-06-26', 81, 6, '', NULL),
(776, '4', '4', 2, 60, '2021-06-26', 81, 6, '', NULL),
(777, '4', '4', 1, 60, '2021-06-26', 49, 6, '', NULL),
(778, '6', '8', 1, 60, '2021-06-26', 49, 6, '', NULL),
(779, '5', '6', 1, 60, '2021-06-26', 49, 6, '', NULL),
(780, '1', '2', 1, 60, '2021-06-26', 24, 6, '', NULL),
(781, '1', '2', 1, 45, '2021-06-26', 24, 6, '', NULL),
(782, '4', '4', 1, 60, '2021-06-26', 24, 6, '', NULL),
(783, '6', '8', 1, 60, '2021-06-26', 32, 6, '', NULL),
(784, '5', '6', 1, 60, '2021-06-26', 32, 6, '', NULL),
(785, '1', '2', 1, 45, '2021-06-26', 42, 6, '', NULL),
(786, '1', '1', 1, 60, '2021-06-26', 74, 6, '', NULL),
(787, '1', '2', 4, 45, '2021-06-26', 40, 6, '', NULL),
(788, '1', '2', 1, 60, '2021-06-26', 40, 6, '', NULL),
(789, '1', '2', 2, 45, '2021-06-26', 25, 6, '', NULL),
(790, '7', '9', 1, 60, '2021-06-26', 25, 6, '', NULL),
(791, '7', '9', 1, 60, '2021-06-26', 29, 6, '', NULL),
(792, '1', '2', 1, 45, '2021-06-26', 29, 6, '', NULL),
(793, '1', '2', 1, 60, '2021-06-26', 29, 6, '', NULL),
(794, '2', '13', 2, 60, '2021-06-26', 38, 6, '', NULL),
(795, '1', '2', 1, 45, '2021-06-26', 34, 6, '', NULL),
(796, '4', '4', 1, 60, '2021-06-26', 34, 6, '', NULL),
(797, '7', '10', 1, 60, '2021-06-26', 34, 6, '', NULL),
(798, '1', '2', 1, 45, '2021-06-26', 16, 6, '', NULL),
(799, '1', '1', 1, 60, '2021-06-26', 28, 6, '', NULL),
(800, '4', '3', 1, 60, '2021-06-26', 18, 6, '', NULL),
(801, '5', '5', 1, 60, '2021-06-26', 20, 6, '', NULL),
(802, '5', '5', 2, 60, '2021-06-26', 19, 6, '', NULL),
(803, '4', '3', 1, 60, '2021-06-26', 19, 6, '', NULL),
(804, '1', '1', 1, 60, '2021-06-26', 37, 6, '', NULL),
(805, '4', '3', 2, 60, '2021-06-26', 37, 6, '', NULL),
(806, '4', '4', 1, 60, '2021-06-26', 68, 6, '', NULL),
(807, '1', '1', 1, 60, '2021-06-26', 43, 6, '', NULL),
(808, '1', '2', 1, 45, '2021-06-26', 43, 6, '', NULL),
(809, '6', '8', 1, 60, '2021-06-26', 67, 6, '', NULL),
(810, '1', '2', 1, 45, '2021-06-26', 33, 6, '', NULL),
(811, '1', '1', 1, 60, '2021-06-27', 80, 6, '', NULL),
(812, '4', '4', 2, 45, '2021-06-27', 23, 6, '', NULL),
(813, '5', '6', 1, 60, '2021-06-27', 23, 6, '', NULL),
(814, '1', '2', 2, 45, '2021-06-27', 27, 6, '', NULL),
(815, '4', '4', 2, 60, '2021-06-27', 24, 6, '', NULL),
(816, '1', '2', 1, 45, '2021-06-27', 24, 6, '', NULL),
(817, '4', '3', 1, 60, '2021-06-27', 70, 6, '', NULL),
(818, '4', '3', 1, 60, '2021-06-27', 74, 6, '', NULL),
(819, '1', '1', 1, 60, '2021-06-27', 25, 6, '', NULL),
(820, '1', '2', 2, 45, '2021-06-27', 72, 6, '', NULL),
(821, '1', '2', 1, 45, '2021-06-27', 53, 6, '', NULL),
(822, '2', '13', 1, 60, '2021-06-27', 38, 6, '', NULL),
(823, '6', '8', 1, 60, '2021-06-27', 34, 6, '', NULL),
(824, '1', '2', 1, 45, '2021-06-27', 16, 6, '', NULL),
(825, '1', '2', 1, 45, '2021-06-27', 33, 6, '', NULL),
(826, '1', '1', 1, 60, '2021-06-27', 28, 6, '', NULL),
(827, '4', '3', 1, 60, '2021-06-27', 86, 6, '', NULL),
(828, '4', '3', 2, 60, '2021-06-27', 50, 6, '', NULL),
(829, '4', '3', 1, 60, '2021-06-27', 55, 6, '', NULL),
(830, '1', '2', 1, 45, '2021-06-28', 51, 6, '', NULL),
(831, '1', '2', 1, 60, '2021-06-28', 22, 6, '', NULL),
(832, '1', '2', 2, 45, '2021-06-28', 22, 6, '', NULL),
(833, '5', '5', 1, 45, '2021-06-28', 22, 6, '', NULL),
(834, '1', '2', 1, 60, '2021-06-28', 71, 6, '', NULL),
(835, '1', '2', 1, 60, '2021-06-28', 56, 6, '', NULL),
(836, '5', '6', 1, 90, '2021-06-28', 49, 6, '', NULL),
(837, '1', '2', 1, 45, '2021-06-28', 69, 6, '', NULL),
(838, '1', '2', 1, 45, '2021-06-28', 24, 6, '', NULL),
(839, '5', '6', 1, 60, '2021-06-28', 32, 6, '', NULL),
(840, '5', '5', 1, 45, '2021-06-28', 42, 6, '', NULL),
(841, '5', '5', 1, 60, '2021-06-28', 42, 6, '', NULL),
(842, '4', '4', 1, 60, '2021-06-28', 54, 6, '', NULL),
(843, '1', '2', 1, 60, '2021-06-28', 40, 6, '', NULL),
(844, '1', '2', 1, 45, '2021-06-28', 40, 6, '', NULL),
(845, '1', '2', 1, 60, '2021-06-28', 29, 6, '', NULL),
(846, '5', '5', 1, 60, '2021-06-28', 29, 6, '', NULL),
(847, '1', '2', 1, 60, '2021-06-28', 53, 6, '', NULL),
(848, '4', '4', 1, 60, '2021-06-28', 34, 6, '', NULL),
(849, '1', '2', 1, 45, '2021-06-28', 16, 6, '', NULL),
(850, '5', '5', 1, 45, '2021-06-28', 28, 6, '', NULL),
(851, '5', '5', 1, 45, '2021-06-28', 18, 6, '', NULL),
(852, '5', '5', 1, 45, '2021-06-28', 37, 6, '', NULL),
(853, '4', '4', 1, 60, '2021-06-28', 67, 6, '', NULL),
(854, '1', '2', 1, 45, '2021-06-28', 67, 6, '', NULL),
(855, '1', '2', 2, 45, '2021-06-29', 80, 6, '', NULL),
(856, '1', '2', 2, 45, '2021-06-29', 39, 6, '', NULL),
(857, '1', '2', 1, 45, '2021-06-29', 56, 6, '', NULL),
(858, '1', '2', 1, 45, '2021-06-29', 69, 6, '', NULL),
(859, '5', '6', 1, 60, '2021-06-29', 24, 6, '', NULL),
(860, '6', '8', 1, 60, '2021-06-29', 24, 6, '', NULL),
(861, '4', '4', 1, 60, '2021-06-29', 54, 6, '', NULL),
(862, '4', '4', 1, 60, '2021-06-29', 85, 6, '', NULL),
(864, '1', '1', 1, 45, '2021-06-29', 28, 6, '', NULL),
(865, '5', '5', 1, 45, '2021-06-29', 28, 6, '', NULL),
(866, '5', '5', 1, 60, '2021-06-29', 19, 6, '', NULL),
(867, '5', '5', 1, 45, '2021-06-29', 37, 6, '', NULL),
(869, '4', '4', 2, 60, '2021-06-29', 81, 6, '', NULL),
(871, '5', '5', 1, 60, '2021-06-30', 22, 6, '', NULL),
(872, '1', '2', 1, 45, '2021-06-30', 80, 6, '', NULL),
(873, '4', '4', 1, 60, '2021-06-30', 23, 6, '', NULL),
(874, '5', '6', 2, 60, '2021-06-30', 23, 6, '', NULL),
(875, '5', '6', 1, 60, '2021-06-30', 30, 6, '', NULL),
(876, '1', '2', 3, 45, '2021-06-30', 71, 6, '', NULL),
(877, '5', '6', 1, 60, '2021-06-30', 66, 6, '', NULL),
(878, '5', '6', 1, 60, '2021-06-30', 69, 6, '', NULL),
(879, '4', '4', 2, 60, '2021-06-30', 24, 6, '', NULL),
(880, '1', '2', 1, 45, '2021-06-30', 24, 6, '', NULL),
(881, '6', '8', 1, 60, '2021-06-30', 32, 6, '', NULL),
(882, '6', '8', 1, 60, '2021-06-30', 31, 6, '', NULL),
(883, '7', '10', 1, 60, '2021-06-30', 31, 6, '', NULL),
(884, '4', '4', 1, 60, '2021-06-30', 31, 6, '', NULL),
(885, '1', '2', 1, 45, '2021-06-30', 26, 6, '', NULL),
(886, '5', '6', 1, 60, '2021-06-30', 64, 6, '', NULL),
(887, '4', '4', 1, 60, '2021-06-30', 64, 6, '', NULL),
(888, '6', '7', 1, 60, '2021-06-30', 29, 6, '', NULL),
(889, '1', '2', 1, 45, '2021-06-30', 40, 6, '', NULL),
(890, '1', '2', 1, 45, '2021-06-30', 53, 6, '', NULL),
(891, '4', '4', 2, 60, '2021-06-30', 34, 6, '', NULL),
(892, '6', '8', 1, 60, '2021-06-30', 34, 6, '', NULL),
(893, '5', '6', 1, 60, '2021-06-30', 34, 6, '', NULL),
(894, '6', '7', 1, 60, '2021-06-30', 28, 6, '', NULL),
(895, '6', '7', 1, 60, '2021-06-30', 37, 6, '', NULL),
(896, '5', '6', 1, 60, '2021-06-30', 81, 6, '', NULL),
(897, '4', '4', 1, 60, '2021-06-30', 81, 6, '', NULL),
(898, '1', '2', 1, 45, '2021-06-21', 51, 6, '', NULL),
(899, '5', '6', 1, 60, '2021-06-09', 69, 6, '', NULL),
(900, '1', '2', 1, 45, '2021-06-21', 71, 6, '', NULL),
(901, '1', '2', 1, 60, '2021-06-21', 71, 6, '', NULL),
(902, '1', '2', 3, 45, '2021-07-01', 22, 7, '', NULL),
(903, '6', '7', 1, 60, '2021-07-01', 22, 7, '', NULL),
(904, '4', '4', 1, 60, '2021-07-01', 23, 7, '', NULL),
(905, '5', '6', 1, 60, '2021-07-01', 30, 7, '', NULL),
(906, '1', '2', 1, 45, '2021-07-01', 30, 7, '', NULL),
(907, '1', '2', 5, 45, '2021-07-01', 71, 7, '', NULL),
(908, '1', '2', 2, 45, '2021-07-01', 39, 7, '', NULL),
(909, '1', '2', 1, 60, '2021-07-01', 56, 7, '', NULL),
(910, '1', '2', 1, 45, '2021-07-01', 69, 7, '', NULL),
(911, '4', '4', 1, 60, '2021-07-01', 49, 7, '', NULL),
(912, '1', '2', 1, 45, '2021-07-01', 24, 7, '', NULL),
(913, '6', '8', 2, 60, '2021-07-01', 24, 7, '', NULL),
(914, '5', '6', 1, 60, '2021-07-01', 24, 7, '', NULL),
(915, '4', '4', 1, 60, '2021-07-01', 34, 7, '', NULL),
(916, '1', '2', 1, 45, '2021-07-01', 33, 7, '', NULL),
(917, '6', '7', 1, 60, '2021-07-01', 42, 7, '', NULL),
(918, '6', '7', 1, 60, '2021-07-01', 65, 7, '', NULL),
(919, '4', '4', 1, 60, '2021-07-01', 65, 7, '', NULL),
(920, '4', '3', 1, 60, '2021-07-01', 65, 7, '', NULL),
(921, '1', '2', 2, 45, '2021-07-01', 25, 7, '', NULL),
(922, '6', '7', 1, 60, '2021-07-01', 25, 7, '', NULL),
(923, '1', '2', 2, 45, '2021-07-01', 29, 7, '', NULL),
(924, '5', '5', 1, 60, '2021-07-01', 29, 7, '', NULL),
(925, '5', '5', 1, 45, '2021-07-01', 28, 7, '', NULL),
(926, '5', '5', 1, 60, '2021-07-01', 28, 7, '', NULL),
(927, '6', '7', 1, 60, '2021-07-01', 28, 7, '', NULL),
(928, '5', '5', 1, 60, '2021-07-01', 37, 7, '', NULL),
(929, '6', '7', 1, 60, '2021-07-01', 83, 7, '', NULL),
(930, '4', '4', 1, 60, '2021-07-01', 84, 7, '', NULL),
(931, '5', '6', 1, 60, '2021-07-01', 84, 7, '', NULL),
(932, '6', '8', 1, 60, '2021-07-01', 84, 7, '', NULL),
(933, '1', '2', 1, 45, '2021-07-01', 68, 7, '', NULL),
(934, '6', '8', 1, 60, '2021-07-01', 68, 7, '', NULL),
(935, '4', '4', 1, 60, '2021-07-01', 81, 7, '', NULL),
(936, '1', '2', 1, 45, '2021-07-01', 87, 7, '', NULL),
(937, '1', '2', 2, 45, '2021-07-02', 51, 7, '', NULL),
(938, '1', '2', 1, 45, '2021-07-02', 22, 7, '', NULL),
(939, '6', '7', 1, 60, '2021-07-02', 22, 7, '', NULL),
(940, '1', '2', 2, 45, '2021-07-02', 80, 7, '', NULL),
(941, '1', '2', 1, 60, '2021-07-02', 71, 7, '', NULL),
(942, '1', '2', 1, 45, '2021-07-02', 71, 7, '', NULL),
(943, '1', '2', 1, 45, '2021-07-02', 39, 7, '', NULL),
(944, '1', '2', 2, 45, '2021-07-02', 24, 7, '', NULL),
(945, '4', '4', 1, 60, '2021-07-02', 24, 7, '', NULL),
(946, '5', '5', 1, 45, '2021-07-02', 42, 7, '', NULL),
(947, '5', '5', 2, 60, '2021-07-02', 42, 7, '', NULL),
(948, '6', '7', 1, 60, '2021-07-02', 85, 7, '', NULL),
(949, '1', '2', 2, 60, '2021-07-02', 40, 7, '', NULL),
(950, '5', '5', 1, 45, '2021-07-02', 29, 7, '', NULL),
(951, '5', '6', 1, 90, '2021-07-02', 29, 7, '', NULL),
(952, '1', '2', 1, 60, '2021-07-02', 29, 7, '', NULL),
(954, '1', '2', 2, 45, '2021-07-02', 53, 7, '', NULL),
(955, '1', '2', 1, 45, '2021-07-02', 34, 7, '', NULL);
INSERT INTO `curso` (`id_curso`, `categoria`, `tipo`, `cantidad`, `tiempo`, `fecha`, `id_pro`, `id_mes`, `modificado`, `modo`) VALUES
(956, '6', '7', 1, 60, '2021-07-02', 28, 7, '', NULL),
(957, '5', '5', 4, 45, '2021-07-02', 18, 7, '', NULL),
(958, '6', '7', 1, 60, '2021-07-02', 18, 7, '', NULL),
(959, '5', '5', 1, 60, '2021-07-02', 19, 7, '', NULL),
(960, '4', '3', 1, 60, '2021-07-02', 86, 7, '', NULL),
(961, '6', '7', 1, 60, '2021-07-02', 37, 7, '', NULL),
(962, '5', '5', 1, 60, '2021-07-02', 55, 7, '', NULL),
(963, '6', '8', 1, 60, '2021-07-02', 67, 7, '', NULL),
(964, '4', '4', 1, 60, '2021-07-02', 67, 7, '', NULL),
(965, '7', '9', 1, 60, '2021-07-03', 22, 7, '', NULL),
(966, '1', '2', 3, 45, '2021-07-03', 22, 7, '', NULL),
(967, '1', '2', 1, 45, '2021-07-03', 80, 7, '', NULL),
(968, '6', '8', 1, 60, '2021-07-03', 23, 7, '', NULL),
(969, '1', '2', 2, 45, '2021-07-03', 30, 7, '', NULL),
(970, '8', '12', 1, 90, '2021-07-03', 71, 7, '', NULL),
(971, '1', '2', 1, 45, '2021-07-03', 71, 7, '', NULL),
(972, '1', '1', 1, 60, '2021-07-03', 27, 7, '', NULL),
(973, '1', '2', 2, 45, '2021-07-03', 27, 7, '', NULL),
(974, '4', '4', 1, 60, '2021-07-03', 21, 7, '', NULL),
(975, '1', '2', 1, 60, '2021-07-03', 24, 7, '', NULL),
(976, '4', '4', 1, 60, '2021-07-03', 24, 7, '', NULL),
(977, '6', '8', 1, 60, '2021-07-03', 32, 7, '', NULL),
(978, '5', '6', 1, 60, '2021-07-03', 32, 7, '', NULL),
(979, '1', '2', 1, 45, '2021-07-03', 42, 7, '', NULL),
(980, '1', '1', 1, 60, '2021-07-03', 74, 7, '', NULL),
(981, '1', '2', 3, 45, '2021-07-03', 40, 7, '', NULL),
(982, '1', '2', 2, 45, '2021-07-03', 25, 7, '', NULL),
(983, '7', '9', 1, 60, '2021-07-03', 25, 7, '', NULL),
(984, '7', '9', 1, 60, '2021-07-03', 29, 7, '', NULL),
(985, '1', '2', 1, 45, '2021-07-03', 29, 7, '', NULL),
(986, '1', '1', 2, 60, '2021-07-03', 38, 7, '', NULL),
(987, '1', '2', 1, 45, '2021-07-03', 34, 7, '', NULL),
(988, '4', '4', 1, 60, '2021-07-03', 34, 7, '', NULL),
(989, '7', '10', 1, 60, '2021-07-03', 34, 7, '', NULL),
(990, '1', '2', 1, 45, '2021-07-03', 33, 7, '', NULL),
(991, '1', '1', 1, 60, '2021-07-03', 28, 7, '', NULL),
(992, '4', '3', 1, 60, '2021-07-03', 18, 7, '', NULL),
(993, '5', '5', 1, 60, '2021-07-03', 20, 7, '', NULL),
(994, '5', '5', 2, 60, '2021-07-03', 19, 7, '', NULL),
(995, '4', '3', 1, 60, '2021-07-03', 19, 7, '', NULL),
(996, '1', '1', 1, 45, '2021-07-03', 37, 7, '', NULL),
(997, '4', '3', 2, 60, '2021-07-03', 37, 7, '', NULL),
(998, '4', '4', 2, 60, '2021-07-03', 68, 7, '', NULL),
(999, '6', '8', 1, 60, '2021-07-03', 67, 7, '', NULL),
(1000, '1', '1', 1, 60, '2021-07-03', 43, 7, '', NULL),
(1001, '1', '2', 1, 45, '2021-07-03', 43, 7, '', NULL),
(1002, '5', '5', 1, 60, '2021-07-03', 82, 7, '', NULL),
(1003, '5', '6', 1, 60, '2021-07-03', 49, 7, '', NULL),
(1004, '1', '2', 1, 45, '2021-07-05', 51, 7, '', NULL),
(1005, '1', '2', 5, 45, '2021-07-05', 22, 7, '', NULL),
(1006, '5', '5', 1, 45, '2021-07-05', 22, 7, '', NULL),
(1007, '1', '2', 1, 60, '2021-07-04', 71, 7, '', NULL),
(1008, '1', '2', 1, 45, '2021-07-04', 71, 7, '', NULL),
(1009, '1', '2', 1, 60, '2021-07-05', 56, 7, '', NULL),
(1010, '1', '1', 1, 60, '2021-07-04', 80, 7, '', NULL),
(1011, '4', '4', 2, 60, '2021-07-04', 23, 7, '', NULL),
(1012, '5', '6', 1, 60, '2021-07-04', 23, 7, '', NULL),
(1013, '1', '2', 2, 45, '2021-07-04', 27, 7, '', NULL),
(1014, '4', '4', 2, 60, '2021-07-04', 24, 7, '', NULL),
(1015, '4', '3', 1, 60, '2021-07-04', 70, 7, '', NULL),
(1016, '4', '3', 1, 60, '2021-07-04', 74, 7, '', NULL),
(1017, '1', '2', 2, 45, '2021-07-04', 72, 7, '', NULL),
(1018, '1', '2', 1, 45, '2021-07-04', 53, 7, '', NULL),
(1019, '1', '1', 2, 60, '2021-07-04', 28, 7, '', NULL),
(1022, '1', '2', 2, 45, '2021-07-04', 33, 7, '', NULL),
(1023, '4', '3', 1, 60, '2021-07-04', 86, 7, '', NULL),
(1024, '4', '3', 2, 60, '2021-07-04', 50, 7, '', NULL),
(1025, '4', '3', 1, 60, '2021-07-04', 55, 7, '', NULL),
(1026, '1', '2', 1, 45, '2021-07-05', 71, 7, '', NULL),
(1027, '1', '2', 1, 60, '2021-07-05', 71, 7, '', NULL),
(1028, '1', '2', 1, 60, '2021-07-04', 21, 7, '', NULL),
(1029, '5', '6', 1, 90, '2021-07-05', 49, 7, '', NULL),
(1030, '1', '2', 1, 45, '2021-07-05', 24, 7, '', NULL),
(1031, '5', '6', 1, 60, '2021-07-05', 32, 7, '', NULL),
(1032, '5', '5', 1, 45, '2021-07-05', 42, 7, '', NULL),
(1033, '5', '5', 1, 60, '2021-07-05', 42, 7, '', NULL),
(1034, '4', '4', 1, 60, '2021-07-05', 54, 7, '', NULL),
(1035, '1', '2', 1, 60, '2021-07-05', 40, 7, '', NULL),
(1036, '5', '5', 1, 60, '2021-07-05', 29, 7, '', NULL),
(1037, '1', '2', 1, 60, '2021-07-05', 53, 7, '', NULL),
(1038, '4', '4', 1, 60, '2021-07-05', 34, 7, '', NULL),
(1039, '1', '2', 2, 45, '2021-07-05', 16, 7, '', NULL),
(1040, '5', '5', 1, 90, '2021-07-05', 28, 7, '', NULL),
(1041, '5', '5', 1, 45, '2021-07-05', 18, 7, '', NULL),
(1042, '5', '5', 1, 45, '2021-07-05', 37, 7, '', NULL),
(1043, '1', '2', 1, 45, '2021-07-05', 67, 7, '', NULL),
(1044, '4', '4', 1, 60, '2021-07-05', 67, 7, '', NULL),
(1045, '1', '2', 4, 45, '2021-07-06', 22, 7, '', NULL),
(1046, '5', '6', 1, 60, '2021-07-06', 22, 7, '', NULL),
(1047, '1', '2', 4, 45, '2021-07-06', 80, 7, '', NULL),
(1048, '1', '2', 2, 45, '2021-07-06', 71, 7, '', NULL),
(1049, '1', '2', 2, 45, '2021-07-06', 39, 7, '', NULL),
(1050, '1', '2', 1, 45, '2021-07-06', 56, 7, '', NULL),
(1051, '1', '2', 1, 60, '2021-07-06', 56, 7, '', NULL),
(1052, '4', '4', 2, 60, '2021-07-06', 81, 7, '', NULL),
(1053, '5', '6', 1, 60, '2021-07-06', 81, 7, '', NULL),
(1054, '1', '2', 1, 45, '2021-07-06', 69, 7, '', NULL),
(1055, '5', '6', 1, 60, '2021-07-06', 24, 7, '', NULL),
(1056, '6', '8', 1, 60, '2021-07-06', 24, 7, '', NULL),
(1057, '1', '2', 2, 45, '2021-07-06', 26, 7, '', NULL),
(1058, '5', '5', 1, 60, '2021-07-06', 26, 7, '', NULL),
(1059, '4', '4', 1, 60, '2021-07-06', 64, 7, '', NULL),
(1060, '5', '6', 1, 60, '2021-07-06', 64, 7, '', NULL),
(1061, '4', '4', 1, 60, '2021-07-06', 85, 7, '', NULL),
(1062, '1', '2', 1, 45, '2021-07-06', 25, 7, '', NULL),
(1063, '1', '2', 1, 45, '2021-07-06', 29, 7, '', NULL),
(1064, '1', '2', 1, 60, '2021-07-06', 29, 7, '', NULL),
(1065, '1', '2', 2, 45, '2021-07-06', 16, 7, '', NULL),
(1066, '1', '1', 1, 45, '2021-07-06', 28, 7, '', NULL),
(1068, '5', '5', 1, 45, '2021-07-06', 37, 7, '', NULL),
(1069, '5', '5', 1, 45, '2021-07-06', 47, 7, '', NULL),
(1070, '5', '5', 1, 60, '2021-07-06', 47, 7, '', NULL),
(1071, '5', '5', 1, 60, '2021-07-06', 82, 7, '', NULL),
(1072, '5', '5', 1, 90, '2021-07-06', 82, 7, 'Actualizado por Lourdes Andrea Torres Padilla', NULL),
(1073, '1', '2', 1, 45, '2021-07-06', 15, 7, 'Actualizado por Ana Carina Acevedo Mauricio', NULL),
(1074, '7', '9', 1, 60, '2021-07-06', 23, 7, '', NULL),
(1075, '5', '5', 1, 60, '2021-07-07', 22, 7, '', NULL),
(1076, '1', '2', 3, 45, '2021-07-07', 80, 7, '', NULL),
(1077, '4', '4', 1, 60, '2021-07-07', 23, 7, '', NULL),
(1078, '5', '6', 2, 60, '2021-07-07', 23, 7, '', NULL),
(1079, '1', '2', 2, 60, '2021-07-07', 23, 7, '', NULL),
(1080, '5', '6', 1, 60, '2021-07-07', 30, 7, '', NULL),
(1081, '1', '2', 2, 45, '2021-07-07', 71, 7, '', NULL),
(1082, '5', '6', 1, 60, '2021-07-07', 66, 7, '', NULL),
(1083, '5', '6', 1, 60, '2021-07-07', 69, 7, '', NULL),
(1084, '4', '4', 1, 60, '2021-07-07', 24, 7, '', NULL),
(1085, '6', '8', 1, 60, '2021-07-07', 32, 7, '', NULL),
(1086, '6', '8', 1, 60, '2021-07-07', 31, 7, '', NULL),
(1087, '4', '4', 1, 60, '2021-07-07', 31, 7, '', NULL),
(1088, '1', '2', 2, 45, '2021-07-07', 26, 7, '', NULL),
(1089, '5', '6', 1, 90, '2021-07-07', 64, 7, '', NULL),
(1090, '4', '4', 1, 60, '2021-07-07', 64, 7, '', NULL),
(1091, '1', '2', 1, 60, '2021-07-07', 40, 7, '', NULL),
(1092, '6', '7', 1, 60, '2021-07-07', 29, 7, '', NULL),
(1093, '1', '2', 1, 45, '2021-07-07', 53, 7, '', NULL),
(1094, '4', '4', 2, 60, '2021-07-07', 34, 7, '', NULL),
(1095, '6', '8', 1, 60, '2021-07-07', 34, 7, '', NULL),
(1096, '5', '6', 1, 60, '2021-07-07', 34, 7, '', NULL),
(1097, '1', '2', 1, 45, '2021-07-07', 34, 7, '', NULL),
(1098, '6', '7', 1, 60, '2021-07-07', 28, 7, '', NULL),
(1099, '6', '7', 1, 60, '2021-07-07', 37, 7, '', NULL),
(1100, '1', '2', 2, 45, '2021-07-08', 22, 7, '', NULL),
(1101, '6', '7', 1, 60, '2021-07-08', 22, 7, '', NULL),
(1102, '6', '8', 1, 60, '2021-07-08', 23, 7, '', NULL),
(1103, '4', '4', 1, 60, '2021-07-08', 23, 7, '', NULL),
(1104, '5', '6', 1, 60, '2021-07-08', 30, 7, '', NULL),
(1105, '1', '2', 1, 45, '2021-07-08', 30, 7, '', NULL),
(1106, '1', '2', 3, 45, '2021-07-08', 71, 7, '', NULL),
(1107, '1', '2', 1, 45, '2021-07-08', 21, 7, '', NULL),
(1108, '1', '2', 1, 60, '2021-07-08', 56, 7, '', NULL),
(1109, '1', '2', 2, 45, '2021-07-08', 39, 7, '', NULL),
(1110, '4', '4', 1, 60, '2021-07-08', 81, 7, '', NULL),
(1111, '5', '6', 1, 60, '2021-07-08', 81, 7, '', NULL),
(1112, '4', '4', 1, 60, '2021-07-08', 49, 7, '', NULL),
(1113, '1', '2', 1, 45, '2021-07-08', 69, 7, '', NULL),
(1114, '5', '6', 1, 60, '2021-07-08', 24, 7, '', NULL),
(1115, '6', '8', 2, 60, '2021-07-08', 24, 7, '', NULL),
(1116, '1', '2', 1, 45, '2021-07-08', 24, 7, '', NULL),
(1117, '7', '10', 1, 60, '2021-07-08', 31, 7, '', NULL),
(1118, '6', '7', 1, 60, '2021-07-08', 42, 7, '', NULL),
(1119, '6', '7', 1, 60, '2021-07-08', 65, 7, '', NULL),
(1120, '4', '4', 1, 60, '2021-07-08', 65, 7, '', NULL),
(1121, '4', '3', 1, 60, '2021-07-08', 65, 7, '', NULL),
(1122, '1', '2', 2, 45, '2021-07-08', 25, 7, '', NULL),
(1123, '6', '7', 1, 60, '2021-07-08', 25, 7, '', NULL),
(1124, '1', '2', 2, 45, '2021-07-08', 29, 7, '', NULL),
(1125, '6', '7', 1, 60, '2021-07-08', 29, 7, '', NULL),
(1126, '4', '4', 1, 60, '2021-07-08', 34, 7, '', NULL),
(1127, '1', '2', 2, 45, '2021-07-08', 16, 7, '', NULL),
(1128, '1', '2', 1, 45, '2021-07-08', 33, 7, '', NULL),
(1129, '5', '5', 1, 45, '2021-07-08', 28, 7, '', NULL),
(1130, '5', '5', 1, 60, '2021-07-08', 28, 7, '', NULL),
(1131, '6', '7', 1, 60, '2021-07-08', 28, 7, '', NULL),
(1132, '5', '5', 1, 60, '2021-07-08', 37, 7, '', NULL),
(1133, '4', '4', 1, 60, '2021-07-08', 84, 7, '', NULL),
(1134, '5', '6', 1, 60, '2021-07-08', 84, 7, '', NULL),
(1135, '6', '8', 1, 60, '2021-07-08', 84, 7, '', NULL),
(1136, '6', '7', 1, 60, '2021-07-08', 83, 7, '', NULL),
(1137, '6', '8', 1, 60, '2021-07-08', 68, 7, '', NULL),
(1138, '1', '2', 1, 45, '2021-07-08', 87, 7, '', NULL),
(1139, '1', '2', 1, 45, '2021-07-09', 51, 7, '', NULL),
(1140, '1', '2', 1, 45, '2021-07-09', 22, 7, '', NULL),
(1141, '6', '7', 1, 60, '2021-07-09', 22, 7, '', NULL),
(1142, '1', '2', 1, 45, '2021-07-09', 80, 7, '', NULL),
(1143, '1', '2', 1, 60, '2021-07-09', 71, 7, '', NULL),
(1144, '1', '2', 1, 45, '2021-07-09', 71, 7, '', NULL),
(1145, '1', '2', 1, 45, '2021-07-09', 39, 7, '', NULL),
(1146, '4', '4', 2, 60, '2021-07-09', 24, 7, '', NULL),
(1147, '1', '2', 1, 45, '2021-07-09', 24, 7, '', NULL),
(1148, '5', '5', 1, 45, '2021-07-09', 42, 7, '', NULL),
(1149, '5', '5', 2, 60, '2021-07-09', 42, 7, '', NULL),
(1150, '6', '7', 1, 60, '2021-07-09', 85, 7, '', NULL),
(1151, '1', '2', 3, 60, '2021-07-09', 40, 7, '', NULL),
(1152, '5', '6', 1, 90, '2021-07-09', 29, 7, '', NULL),
(1153, '5', '5', 1, 45, '2021-07-09', 29, 7, '', NULL),
(1154, '1', '2', 1, 45, '2021-07-09', 29, 7, '', NULL),
(1155, '6', '7', 1, 60, '2021-07-09', 29, 7, 'Actualizado por Lourdes Andrea Torres Padilla', NULL),
(1156, '1', '2', 2, 45, '2021-07-09', 53, 7, '', NULL),
(1157, '1', '2', 1, 45, '2021-07-09', 16, 7, '', NULL),
(1158, '1', '2', 1, 45, '2021-07-09', 33, 7, '', NULL),
(1159, '6', '7', 1, 60, '2021-07-09', 28, 7, '', NULL),
(1160, '5', '5', 1, 90, '2021-07-09', 28, 7, '', NULL),
(1161, '5', '5', 1, 60, '2021-07-09', 19, 7, '', NULL),
(1162, '4', '3', 1, 60, '2021-07-09', 86, 7, '', NULL),
(1163, '6', '7', 1, 60, '2021-07-09', 37, 7, '', NULL),
(1164, '6', '8', 1, 60, '2021-07-09', 67, 7, '', NULL),
(1165, '4', '4', 1, 60, '2021-07-09', 67, 7, '', NULL),
(1166, '1', '2', 1, 45, '2021-07-09', 34, 7, '', NULL),
(1167, '5', '5', 4, 45, '2021-07-09', 18, 7, '', NULL),
(1168, '6', '7', 1, 60, '2021-07-09', 18, 7, '', NULL),
(1169, '7', '9', 1, 60, '2021-07-10', 22, 7, '', NULL),
(1170, '1', '2', 2, 45, '2021-07-10', 22, 7, '', NULL),
(1171, '1', '2', 1, 45, '2021-07-10', 80, 7, '', NULL),
(1172, '7', '10', 1, 60, '2021-07-10', 23, 7, '', NULL),
(1173, '6', '8', 1, 60, '2021-07-10', 23, 7, '', NULL),
(1174, '4', '4', 1, 60, '2021-07-10', 23, 7, '', NULL),
(1175, '1', '2', 1, 45, '2021-07-10', 30, 7, '', NULL),
(1176, '8', '12', 1, 90, '2021-07-10', 71, 7, '', NULL),
(1177, '1', '1', 1, 60, '2021-07-10', 27, 7, '', NULL),
(1178, '1', '2', 2, 45, '2021-07-10', 27, 7, '', NULL),
(1179, '4', '4', 1, 60, '2021-07-10', 21, 7, '', NULL),
(1180, '1', '2', 3, 45, '2021-07-10', 39, 7, '', NULL),
(1181, '4', '4', 1, 60, '2021-07-10', 49, 7, '', NULL),
(1182, '6', '8', 1, 60, '2021-07-10', 49, 7, '', NULL),
(1183, '5', '6', 1, 60, '2021-07-10', 49, 7, '', NULL),
(1184, '1', '2', 1, 60, '2021-07-10', 24, 7, '', NULL),
(1185, '4', '4', 1, 60, '2021-07-10', 24, 7, '', NULL),
(1186, '6', '8', 1, 60, '2021-07-10', 32, 7, '', NULL),
(1187, '5', '6', 1, 60, '2021-07-10', 32, 7, '', NULL),
(1188, '1', '2', 1, 45, '2021-07-10', 42, 7, '', NULL),
(1189, '1', '1', 1, 60, '2021-07-10', 74, 7, '', NULL),
(1190, '1', '2', 2, 45, '2021-07-10', 40, 7, '', NULL),
(1191, '1', '2', 1, 60, '2021-07-10', 40, 7, '', NULL),
(1192, '7', '9', 1, 60, '2021-07-10', 25, 7, '', NULL),
(1193, '1', '2', 3, 45, '2021-07-10', 25, 7, '', NULL),
(1194, '7', '9', 1, 60, '2021-07-10', 29, 7, '', NULL),
(1195, '1', '2', 1, 45, '2021-07-10', 29, 7, '', NULL),
(1196, '1', '1', 1, 60, '2021-07-10', 38, 7, '', NULL),
(1197, '1', '2', 1, 45, '2021-07-10', 34, 7, '', NULL),
(1198, '4', '4', 1, 60, '2021-07-10', 34, 7, '', NULL),
(1199, '1', '2', 2, 45, '2021-07-10', 33, 7, '', NULL),
(1200, '1', '1', 1, 60, '2021-07-10', 28, 7, '', NULL),
(1201, '4', '3', 1, 60, '2021-07-10', 18, 7, '', NULL),
(1202, '5', '5', 1, 60, '2021-07-10', 20, 7, '', NULL),
(1203, '5', '5', 2, 60, '2021-07-10', 19, 7, '', NULL),
(1204, '4', '3', 1, 60, '2021-07-10', 19, 7, '', NULL),
(1205, '4', '3', 2, 60, '2021-07-10', 37, 7, '', NULL),
(1206, '4', '4', 2, 60, '2021-07-10', 68, 7, '', NULL),
(1207, '1', '1', 1, 60, '2021-07-10', 43, 7, '', NULL),
(1208, '1', '2', 1, 45, '2021-07-10', 43, 7, '', NULL),
(1209, '1', '2', 1, 45, '2021-07-11', 80, 7, '', NULL),
(1210, '1', '1', 1, 60, '2021-07-11', 80, 7, '', NULL),
(1211, '4', '4', 2, 60, '2021-07-11', 23, 7, '', NULL),
(1212, '5', '6', 1, 60, '2021-07-11', 23, 7, '', NULL),
(1213, '1', '2', 2, 45, '2021-07-11', 71, 7, '', NULL),
(1214, '1', '2', 1, 60, '2021-07-11', 71, 7, '', NULL),
(1215, '1', '2', 2, 45, '2021-07-11', 27, 7, '', NULL),
(1216, '1', '2', 1, 60, '2021-07-11', 21, 7, '', NULL),
(1217, '4', '4', 2, 60, '2021-07-11', 24, 7, '', NULL),
(1218, '4', '3', 1, 60, '2021-07-11', 70, 7, '', NULL),
(1219, '4', '3', 1, 60, '2021-07-11', 74, 7, '', NULL),
(1220, '1', '2', 2, 45, '2021-07-11', 40, 7, '', NULL),
(1221, '1', '2', 1, 45, '2021-07-11', 53, 7, '', NULL),
(1222, '1', '1', 1, 60, '2021-07-11', 38, 7, '', NULL),
(1223, '1', '2', 1, 45, '2021-07-11', 33, 7, '', NULL),
(1224, '1', '1', 1, 60, '2021-07-11', 28, 7, '', NULL),
(1225, '4', '3', 1, 60, '2021-07-11', 86, 7, '', NULL),
(1226, '4', '3', 2, 60, '2021-07-11', 50, 7, '', NULL),
(1227, '5', '5', 1, 60, '2021-07-11', 55, 7, '', NULL),
(1228, '1', '2', 1, 45, '2021-07-12', 51, 7, '', NULL),
(1229, '1', '2', 2, 45, '2021-07-12', 22, 7, '', NULL),
(1230, '5', '5', 1, 45, '2021-07-12', 22, 7, '', NULL),
(1231, '1', '2', 1, 45, '2021-07-12', 71, 7, '', NULL),
(1232, '1', '2', 1, 60, '2021-07-12', 71, 7, '', NULL),
(1233, '1', '2', 1, 60, '2021-07-12', 56, 7, '', NULL),
(1234, '5', '6', 1, 90, '2021-07-12', 49, 7, '', NULL),
(1235, '1', '2', 1, 45, '2021-07-12', 69, 7, '', NULL),
(1236, '1', '2', 1, 45, '2021-07-12', 24, 7, '', NULL),
(1237, '5', '6', 1, 60, '2021-07-12', 32, 7, '', NULL),
(1238, '5', '5', 1, 60, '2021-07-12', 42, 7, '', NULL),
(1239, '5', '5', 1, 45, '2021-07-12', 42, 7, '', NULL),
(1240, '5', '5', 1, 60, '2021-07-12', 29, 7, '', NULL),
(1241, '1', '2', 1, 60, '2021-07-12', 53, 7, '', NULL),
(1242, '1', '2', 2, 45, '2021-07-12', 16, 7, '', NULL),
(1244, '5', '5', 1, 45, '2021-07-12', 28, 7, '', NULL),
(1245, '5', '5', 1, 45, '2021-07-12', 18, 7, '', NULL),
(1246, '5', '5', 1, 45, '2021-07-12', 37, 7, '', NULL),
(1247, '4', '4', 1, 60, '2021-07-12', 67, 7, '', NULL),
(1248, '1', '2', 1, 45, '2021-07-12', 67, 7, '', NULL),
(1249, '1', '2', 1, 60, '2021-07-12', 40, 7, '', NULL),
(1250, '5', '6', 1, 60, '2021-07-13', 22, 7, '', NULL),
(1251, '1', '2', 4, 45, '2021-07-13', 22, 7, '', NULL),
(1252, '1', '2', 4, 45, '2021-07-13', 80, 7, '', NULL),
(1253, '1', '2', 2, 45, '2021-07-13', 71, 7, '', NULL),
(1254, '1', '2', 2, 45, '2021-07-13', 39, 7, 'Actualizado por Lourdes Andrea Torres Padilla', NULL),
(1255, '1', '2', 1, 45, '2021-07-13', 56, 7, '', NULL),
(1256, '5', '6', 1, 60, '2021-07-13', 81, 7, '', NULL),
(1257, '4', '4', 2, 60, '2021-07-13', 81, 7, '', NULL),
(1258, '1', '2', 1, 45, '2021-07-13', 69, 7, '', NULL),
(1259, '1', '2', 1, 45, '2021-07-13', 15, 7, '', NULL),
(1260, '5', '6', 1, 60, '2021-07-13', 24, 7, '', NULL),
(1261, '6', '8', 1, 60, '2021-07-13', 24, 7, '', NULL),
(1262, '1', '2', 2, 45, '2021-07-13', 26, 7, '', NULL),
(1263, '5', '5', 1, 60, '2021-07-13', 26, 7, '', NULL),
(1264, '5', '6', 1, 60, '2021-07-13', 64, 7, '', NULL),
(1266, '4', '4', 1, 60, '2021-07-13', 85, 7, '', NULL),
(1267, '1', '2', 1, 45, '2021-07-13', 25, 7, '', NULL),
(1268, '1', '2', 2, 45, '2021-07-13', 29, 7, '', NULL),
(1269, '1', '2', 1, 45, '2021-07-13', 16, 7, '', NULL),
(1270, '1', '2', 1, 45, '2021-07-13', 33, 7, '', NULL),
(1271, '5', '5', 1, 45, '2021-07-13', 28, 7, '', NULL),
(1272, '1', '1', 1, 45, '2021-07-13', 28, 7, '', NULL),
(1273, '5', '5', 1, 60, '2021-07-13', 19, 7, '', NULL),
(1274, '5', '5', 1, 45, '2021-07-13', 37, 7, '', NULL),
(1275, '5', '5', 1, 45, '2021-07-13', 47, 7, '', NULL),
(1276, '5', '5', 1, 60, '2021-07-13', 47, 7, '', NULL),
(1277, '5', '5', 2, 60, '2021-07-13', 82, 7, '', NULL),
(1278, '5', '5', 1, 60, '2021-07-14', 22, 7, '', NULL),
(1279, '1', '2', 3, 45, '2021-07-14', 80, 7, '', NULL),
(1280, '4', '4', 1, 60, '2021-07-14', 23, 7, '', NULL),
(1281, '5', '6', 2, 60, '2021-07-14', 23, 7, '', NULL),
(1282, '1', '2', 2, 60, '2021-07-14', 23, 7, '', NULL),
(1283, '6', '8', 1, 60, '2021-07-14', 23, 7, '', NULL),
(1284, '5', '6', 1, 60, '2021-07-14', 30, 7, '', NULL),
(1285, '1', '2', 2, 45, '2021-07-14', 71, 7, '', NULL),
(1286, '5', '6', 1, 60, '2021-07-14', 66, 7, '', NULL),
(1287, '5', '6', 1, 60, '2021-07-14', 69, 7, '', NULL),
(1288, '1', '2', 1, 45, '2021-07-14', 24, 7, '', NULL),
(1289, '6', '8', 1, 60, '2021-07-14', 32, 7, '', NULL),
(1290, '6', '8', 1, 60, '2021-07-14', 31, 7, '', NULL),
(1291, '1', '2', 2, 45, '2021-07-14', 26, 7, '', NULL),
(1292, '5', '6', 1, 90, '2021-07-14', 64, 7, '', NULL),
(1293, '1', '2', 1, 60, '2021-07-14', 40, 7, '', NULL),
(1294, '6', '7', 1, 60, '2021-07-14', 29, 7, '', NULL),
(1295, '1', '2', 1, 45, '2021-07-14', 53, 7, '', NULL),
(1296, '4', '4', 2, 60, '2021-07-14', 34, 7, '', NULL),
(1297, '6', '8', 1, 60, '2021-07-14', 34, 7, '', NULL),
(1298, '1', '2', 1, 45, '2021-07-14', 34, 7, '', NULL),
(1299, '5', '6', 1, 60, '2021-07-14', 34, 7, '', NULL),
(1300, '6', '7', 1, 60, '2021-07-14', 28, 7, '', NULL),
(1301, '6', '7', 1, 60, '2021-07-14', 37, 7, '', NULL),
(1302, '4', '4', 1, 60, '2021-07-14', 49, 7, '', NULL),
(1303, '1', '2', 2, 45, '2021-07-15', 22, 7, '', NULL),
(1304, '6', '7', 1, 60, '2021-07-15', 22, 7, '', NULL),
(1305, '5', '6', 1, 60, '2021-07-15', 30, 7, '', NULL),
(1306, '1', '2', 2, 45, '2021-07-15', 71, 7, '', NULL),
(1307, '1', '2', 1, 45, '2021-07-15', 21, 7, '', NULL),
(1308, '1', '2', 3, 45, '2021-07-15', 39, 7, '', NULL),
(1309, '1', '2', 1, 60, '2021-07-15', 56, 7, '', NULL),
(1310, '1', '2', 1, 45, '2021-07-15', 69, 7, '', NULL),
(1311, '5', '6', 1, 60, '2021-07-15', 24, 7, '', NULL),
(1312, '6', '8', 2, 60, '2021-07-15', 24, 7, '', NULL),
(1313, '1', '2', 1, 45, '2021-07-15', 24, 7, '', NULL),
(1314, '7', '10', 1, 60, '2021-07-15', 31, 7, '', NULL),
(1315, '6', '7', 1, 60, '2021-07-15', 42, 7, '', NULL),
(1316, '6', '7', 1, 60, '2021-07-15', 65, 7, '', NULL),
(1317, '4', '4', 1, 60, '2021-07-15', 65, 7, '', NULL),
(1318, '1', '2', 2, 45, '2021-07-15', 25, 7, '', NULL),
(1319, '6', '7', 1, 60, '2021-07-15', 25, 7, '', NULL),
(1320, '1', '2', 1, 45, '2021-07-15', 29, 7, '', NULL),
(1321, '4', '4', 1, 60, '2021-07-15', 34, 7, '', NULL),
(1322, '1', '2', 1, 45, '2021-07-15', 16, 7, '', NULL),
(1323, '1', '2', 1, 45, '2021-07-15', 33, 7, '', NULL),
(1324, '1', '2', 1, 60, '2021-07-15', 33, 7, '', NULL),
(1325, '5', '5', 1, 45, '2021-07-15', 28, 7, '', NULL),
(1326, '5', '5', 1, 60, '2021-07-15', 28, 7, '', NULL),
(1327, '6', '7', 1, 60, '2021-07-15', 28, 7, '', NULL),
(1328, '5', '5', 1, 60, '2021-07-15', 37, 7, '', NULL),
(1329, '4', '4', 1, 60, '2021-07-15', 84, 7, '', NULL),
(1330, '5', '6', 1, 60, '2021-07-15', 84, 7, '', NULL),
(1331, '6', '7', 1, 60, '2021-07-15', 84, 7, '', NULL),
(1332, '6', '7', 1, 60, '2021-07-15', 83, 7, '', NULL),
(1333, '6', '8', 1, 60, '2021-07-15', 68, 7, '', NULL),
(1334, '1', '2', 1, 45, '2021-07-15', 87, 7, '', NULL),
(1335, '1', '2', 1, 45, '2021-07-16', 51, 7, '', NULL),
(1336, '1', '2', 1, 45, '2021-07-16', 22, 7, '', NULL),
(1337, '6', '7', 1, 60, '2021-07-16', 22, 7, '', NULL),
(1338, '1', '2', 1, 45, '2021-07-16', 80, 7, '', NULL),
(1339, '1', '2', 1, 60, '2021-07-16', 71, 7, '', NULL),
(1340, '1', '2', 1, 45, '2021-07-16', 71, 7, '', NULL),
(1341, '5', '6', 1, 60, '2021-07-16', 66, 7, '', NULL),
(1342, '4', '4', 1, 60, '2021-07-16', 81, 7, '', NULL),
(1343, '1', '2', 2, 45, '2021-07-16', 24, 7, '', NULL),
(1344, '4', '4', 1, 60, '2021-07-16', 24, 7, '', NULL),
(1345, '5', '5', 1, 45, '2021-07-16', 42, 7, '', NULL),
(1346, '5', '5', 2, 60, '2021-07-16', 42, 7, '', NULL),
(1347, '6', '7', 1, 60, '2021-07-16', 85, 7, '', NULL),
(1348, '1', '2', 2, 60, '2021-07-16', 40, 7, '', NULL),
(1349, '5', '6', 1, 60, '2021-07-16', 29, 7, '', NULL),
(1350, '5', '5', 1, 45, '2021-07-16', 29, 7, '', NULL),
(1351, '1', '2', 1, 45, '2021-07-16', 29, 7, '', NULL),
(1352, '6', '7', 1, 60, '2021-07-16', 29, 7, '', NULL),
(1353, '1', '2', 1, 45, '2021-07-16', 53, 7, '', NULL),
(1354, '1', '2', 1, 45, '2021-07-16', 34, 7, '', NULL),
(1355, '1', '2', 3, 45, '2021-07-16', 16, 7, '', NULL),
(1356, '1', '2', 1, 45, '2021-07-16', 33, 7, '', NULL),
(1357, '6', '7', 1, 60, '2021-07-16', 28, 7, '', NULL),
(1358, '5', '5', 1, 60, '2021-07-16', 28, 7, '', NULL),
(1359, '5', '5', 3, 45, '2021-07-16', 18, 7, '', NULL),
(1360, '6', '7', 1, 60, '2021-07-16', 18, 7, '', NULL),
(1361, '5', '5', 2, 60, '2021-07-16', 19, 7, '', NULL),
(1362, '4', '3', 1, 60, '2021-07-16', 86, 7, '', NULL),
(1363, '6', '7', 1, 60, '2021-07-16', 37, 7, '', NULL),
(1364, '5', '5', 2, 60, '2021-07-16', 55, 7, '', NULL),
(1365, '7', '9', 1, 60, '2021-07-17', 22, 7, '', NULL),
(1366, '1', '2', 2, 45, '2021-07-17', 22, 7, '', NULL),
(1367, '1', '2', 1, 45, '2021-07-17', 80, 7, '', NULL),
(1368, '7', '10', 1, 60, '2021-07-17', 23, 7, '', NULL),
(1369, '6', '8', 1, 60, '2021-07-17', 23, 7, '', NULL),
(1370, '1', '2', 1, 45, '2021-07-17', 30, 7, '', NULL),
(1371, '8', '12', 1, 90, '2021-07-17', 71, 7, '', NULL),
(1372, '1', '1', 1, 60, '2021-07-17', 27, 7, '', NULL),
(1373, '1', '2', 2, 45, '2021-07-17', 27, 7, '', NULL),
(1374, '4', '4', 1, 60, '2021-07-17', 21, 7, '', NULL),
(1375, '1', '2', 3, 45, '2021-07-17', 39, 7, '', NULL),
(1376, '6', '8', 1, 60, '2021-07-17', 49, 7, '', NULL),
(1377, '5', '6', 1, 60, '2021-07-17', 49, 7, '', NULL),
(1378, '4', '4', 1, 60, '2021-07-17', 24, 7, '', NULL),
(1379, '6', '8', 1, 60, '2021-07-17', 32, 7, '', NULL),
(1380, '5', '6', 1, 60, '2021-07-17', 32, 7, 'Actualizado por Lourdes Andrea Torres Padilla', NULL),
(1381, '1', '2', 1, 45, '2021-07-17', 42, 7, '', NULL),
(1382, '1', '1', 1, 60, '2021-07-17', 74, 7, '', NULL),
(1383, '1', '2', 2, 45, '2021-07-17', 40, 7, '', NULL),
(1384, '1', '2', 2, 60, '2021-07-17', 40, 7, '', NULL),
(1385, '7', '9', 1, 60, '2021-07-17', 25, 7, '', NULL),
(1386, '1', '2', 2, 45, '2021-07-17', 25, 7, '', NULL),
(1387, '7', '9', 1, 60, '2021-07-17', 29, 7, '', NULL),
(1388, '1', '2', 1, 45, '2021-07-17', 29, 7, '', NULL),
(1389, '1', '1', 1, 60, '2021-07-17', 38, 7, '', NULL),
(1390, '1', '2', 1, 45, '2021-07-17', 34, 7, '', NULL),
(1391, '4', '4', 1, 60, '2021-07-17', 34, 7, '', NULL),
(1392, '7', '10', 1, 60, '2021-07-17', 34, 7, '', NULL),
(1393, '1', '2', 2, 45, '2021-07-17', 33, 7, '', NULL),
(1394, '1', '1', 1, 60, '2021-07-17', 28, 7, '', NULL),
(1395, '5', '5', 1, 60, '2021-07-17', 20, 7, '', NULL),
(1396, '5', '5', 2, 60, '2021-07-17', 19, 7, '', NULL),
(1397, '4', '3', 1, 60, '2021-07-17', 19, 7, '', NULL),
(1398, '4', '3', 1, 60, '2021-07-17', 37, 7, '', NULL),
(1399, '4', '4', 1, 60, '2021-07-17', 68, 7, '', NULL),
(1400, '1', '2', 1, 45, '2021-07-18', 80, 7, '', NULL),
(1401, '1', '1', 1, 60, '2021-07-18', 80, 7, '', NULL),
(1402, '5', '6', 1, 60, '2021-07-18', 23, 7, '', NULL),
(1403, '1', '2', 1, 60, '2021-07-18', 71, 7, '', NULL),
(1404, '1', '2', 2, 45, '2021-07-18', 71, 7, '', NULL),
(1405, '1', '2', 2, 45, '2021-07-18', 27, 7, '', NULL),
(1406, '1', '2', 1, 60, '2021-07-18', 21, 7, '', NULL),
(1407, '4', '4', 1, 60, '2021-07-18', 24, 7, '', NULL),
(1408, '1', '2', 2, 45, '2021-07-18', 72, 7, '', NULL),
(1409, '1', '1', 1, 60, '2021-07-18', 38, 7, '', NULL),
(1410, '1', '2', 1, 45, '2021-07-18', 33, 7, '', NULL),
(1411, '1', '1', 1, 60, '2021-07-18', 28, 7, '', NULL),
(1412, '4', '3', 1, 60, '2021-07-18', 50, 7, '', NULL),
(1413, '4', '3', 1, 60, '2021-07-18', 74, 7, '', NULL),
(1414, '1', '2', 2, 45, '2021-07-19', 22, 7, '', NULL),
(1415, '5', '5', 1, 45, '2021-07-19', 22, 7, '', NULL),
(1416, '1', '2', 1, 45, '2021-07-19', 71, 7, '', NULL),
(1417, '1', '2', 1, 60, '2021-07-19', 56, 7, '', NULL),
(1418, '5', '6', 1, 90, '2021-07-19', 49, 7, '', NULL),
(1419, '1', '2', 1, 45, '2021-07-19', 69, 7, '', NULL),
(1420, '1', '2', 1, 45, '2021-07-19', 24, 7, '', NULL),
(1421, '5', '6', 1, 60, '2021-07-19', 32, 7, '', NULL),
(1422, '5', '5', 1, 45, '2021-07-19', 42, 7, '', NULL),
(1423, '5', '5', 1, 60, '2021-07-19', 42, 7, '', NULL),
(1424, '1', '2', 1, 60, '2021-07-19', 40, 7, '', NULL),
(1425, '5', '5', 1, 60, '2021-07-19', 29, 7, '', NULL),
(1426, '1', '2', 1, 60, '2021-07-19', 53, 7, '', NULL),
(1427, '1', '2', 2, 45, '2021-07-19', 16, 7, '', NULL),
(1428, '5', '5', 1, 45, '2021-07-19', 28, 7, '', NULL),
(1429, '5', '5', 1, 45, '2021-07-19', 18, 7, '', NULL),
(1430, '5', '5', 1, 45, '2021-07-19', 37, 7, '', NULL),
(1431, '1', '2', 1, 45, '2021-07-19', 51, 7, '', NULL),
(1432, '5', '6', 1, 60, '2021-07-20', 22, 7, '', NULL),
(1433, '1', '2', 3, 45, '2021-07-20', 22, 7, '', NULL),
(1434, '5', '5', 1, 60, '2021-07-20', 22, 7, '', NULL),
(1435, '1', '2', 4, 45, '2021-07-20', 80, 7, '', NULL),
(1436, '1', '2', 2, 45, '2021-07-20', 71, 7, '', NULL),
(1437, '1', '2', 2, 45, '2021-07-20', 39, 7, 'Actualizado por Lourdes Andrea Torres Padilla', NULL),
(1438, '5', '6', 1, 60, '2021-07-20', 81, 7, '', NULL),
(1439, '4', '4', 1, 60, '2021-07-20', 81, 7, '', NULL),
(1440, '1', '2', 2, 45, '2021-07-20', 69, 7, '', NULL),
(1441, '5', '6', 1, 60, '2021-07-20', 24, 7, '', NULL),
(1442, '6', '8', 1, 60, '2021-07-20', 24, 7, '', NULL),
(1443, '1', '2', 2, 45, '2021-07-20', 26, 7, '', NULL),
(1444, '5', '5', 1, 60, '2021-07-20', 26, 7, '', NULL),
(1445, '5', '6', 1, 60, '2021-07-20', 64, 7, '', NULL),
(1446, '1', '2', 1, 45, '2021-07-20', 25, 7, '', NULL),
(1447, '1', '2', 1, 45, '2021-07-20', 29, 7, '', NULL),
(1448, '1', '2', 1, 60, '2021-07-20', 29, 7, '', NULL),
(1449, '1', '2', 1, 45, '2021-07-20', 16, 7, '', NULL),
(1450, '1', '2', 1, 45, '2021-07-20', 33, 7, '', NULL),
(1451, '1', '2', 1, 60, '2021-07-20', 33, 7, '', NULL),
(1452, '1', '2', 1, 60, '2021-07-13', 33, 7, '', NULL),
(1453, '5', '5', 1, 45, '2021-07-20', 28, 7, '', NULL),
(1454, '1', '1', 1, 45, '2021-07-20', 28, 7, '', NULL),
(1455, '5', '5', 1, 60, '2021-07-20', 19, 7, '', NULL),
(1456, '5', '5', 1, 45, '2021-07-20', 37, 7, '', NULL),
(1457, '5', '5', 1, 45, '2021-07-20', 47, 7, '', NULL),
(1458, '5', '5', 1, 60, '2021-07-20', 47, 7, '', NULL),
(1459, '5', '5', 2, 60, '2021-07-20', 82, 7, '', NULL),
(1460, '5', '5', 1, 60, '2021-07-21', 22, 7, '', NULL),
(1461, '1', '2', 2, 45, '2021-07-21', 80, 7, '', NULL),
(1462, '5', '6', 2, 60, '2021-07-21', 23, 7, '', NULL),
(1463, '1', '2', 2, 60, '2021-07-21', 23, 7, '', NULL),
(1464, '5', '6', 1, 60, '2021-07-21', 30, 7, '', NULL),
(1465, '1', '2', 3, 45, '2021-07-21', 71, 7, '', NULL),
(1466, '5', '6', 1, 60, '2021-07-21', 66, 7, '', NULL),
(1467, '5', '6', 2, 60, '2021-07-21', 69, 7, '', NULL),
(1468, '6', '8', 1, 60, '2021-07-21', 24, 7, '', NULL),
(1469, '1', '2', 1, 45, '2021-07-21', 24, 7, '', NULL),
(1470, '6', '8', 1, 60, '2021-07-21', 32, 7, '', NULL),
(1471, '6', '8', 1, 60, '2021-07-21', 31, 7, '', NULL),
(1472, '1', '2', 2, 45, '2021-07-21', 26, 7, '', NULL),
(1473, '5', '6', 1, 90, '2021-07-21', 64, 7, '', NULL),
(1474, '1', '2', 1, 60, '2021-07-21', 40, 7, '', NULL),
(1475, '6', '7', 1, 60, '2021-07-21', 29, 7, '', NULL),
(1476, '1', '2', 1, 45, '2021-07-21', 53, 7, '', NULL),
(1477, '4', '4', 1, 60, '2021-07-21', 34, 7, '', NULL),
(1478, '6', '8', 1, 60, '2021-07-21', 34, 7, '', NULL),
(1479, '1', '2', 1, 45, '2021-07-21', 34, 7, '', NULL),
(1480, '5', '6', 1, 60, '2021-07-21', 34, 7, '', NULL),
(1481, '6', '7', 1, 60, '2021-07-21', 28, 7, '', NULL),
(1482, '6', '7', 1, 60, '2021-07-21', 37, 7, '', NULL),
(1483, '1', '2', 2, 45, '2021-07-22', 22, 7, '', NULL),
(1484, '6', '7', 2, 60, '2021-07-22', 22, 7, '', NULL),
(1485, '1', '2', 3, 45, '2021-07-22', 71, 7, '', NULL),
(1486, '1', '2', 1, 60, '2021-07-22', 71, 7, '', NULL),
(1487, '1', '2', 1, 45, '2021-07-22', 21, 7, '', NULL),
(1488, '1', '2', 1, 45, '2021-07-22', 39, 7, '', NULL),
(1489, '1', '2', 1, 45, '2021-07-22', 69, 7, '', NULL),
(1490, '5', '6', 1, 60, '2021-07-22', 24, 7, '', NULL),
(1491, '1', '2', 2, 45, '2021-07-22', 24, 7, '', NULL),
(1492, '6', '8', 2, 60, '2021-07-22', 24, 7, '', NULL),
(1493, '7', '10', 1, 60, '2021-07-22', 31, 7, '', NULL),
(1494, '6', '7', 1, 60, '2021-07-22', 42, 7, '', NULL),
(1495, '4', '4', 1, 60, '2021-07-22', 65, 7, '', NULL),
(1496, '6', '7', 1, 60, '2021-07-22', 65, 7, '', NULL),
(1497, '1', '2', 1, 45, '2021-07-22', 25, 7, '', NULL),
(1498, '6', '7', 1, 60, '2021-07-22', 25, 7, '', NULL),
(1499, '1', '2', 1, 45, '2021-07-22', 29, 7, '', NULL),
(1500, '5', '5', 1, 60, '2021-07-22', 29, 7, '', NULL),
(1501, '1', '2', 2, 45, '2021-07-22', 33, 7, '', NULL),
(1502, '5', '5', 1, 45, '2021-07-22', 28, 7, '', NULL),
(1503, '5', '5', 1, 60, '2021-07-22', 28, 7, '', NULL),
(1504, '6', '7', 1, 60, '2021-07-22', 28, 7, '', NULL),
(1505, '5', '5', 1, 60, '2021-07-22', 37, 7, '', NULL),
(1506, '4', '4', 1, 60, '2021-07-22', 84, 7, '', NULL),
(1507, '5', '6', 1, 60, '2021-07-22', 84, 7, '', NULL),
(1508, '6', '8', 1, 60, '2021-07-22', 84, 7, '', NULL),
(1509, '6', '7', 1, 60, '2021-07-22', 83, 7, '', NULL),
(1510, '6', '8', 1, 60, '2021-07-22', 68, 7, '', NULL),
(1511, '1', '2', 1, 45, '2021-07-22', 16, 7, '', NULL),
(1512, '4', '4', 1, 60, '2021-07-22', 81, 7, '', NULL),
(1513, '1', '2', 1, 45, '2021-07-23', 51, 7, '', NULL),
(1514, '6', '7', 1, 60, '2021-07-23', 22, 7, '', NULL),
(1515, '1', '2', 1, 45, '2021-07-23', 80, 7, '', NULL),
(1516, '1', '2', 2, 45, '2021-07-23', 39, 7, '', NULL),
(1517, '1', '2', 1, 45, '2021-07-23', 15, 7, '', NULL),
(1518, '1', '2', 2, 45, '2021-07-23', 24, 7, '', NULL),
(1519, '4', '4', 1, 60, '2021-07-23', 24, 7, '', NULL),
(1520, '5', '5', 1, 45, '2021-07-23', 42, 7, '', NULL),
(1521, '5', '5', 2, 60, '2021-07-23', 42, 7, '', NULL),
(1522, '1', '2', 1, 60, '2021-07-23', 40, 7, '', NULL),
(1523, '1', '2', 1, 60, '2021-07-23', 40, 7, '', NULL),
(1524, '5', '6', 1, 60, '2021-07-23', 29, 7, '', NULL),
(1525, '5', '5', 1, 45, '2021-07-23', 29, 7, '', NULL),
(1526, '1', '2', 1, 60, '2021-07-23', 29, 7, '', NULL),
(1527, '6', '7', 1, 60, '2021-07-23', 29, 7, '', NULL),
(1528, '1', '2', 1, 45, '2021-07-23', 53, 7, '', NULL),
(1529, '6', '8', 1, 60, '2021-07-04', 34, 7, '', NULL),
(1530, '1', '2', 1, 45, '2021-07-23', 34, 7, '', NULL),
(1531, '1', '2', 2, 45, '2021-07-23', 16, 7, '', NULL),
(1532, '1', '2', 1, 45, '2021-07-23', 33, 7, '', NULL),
(1533, '6', '7', 1, 60, '2021-07-23', 28, 7, '', NULL),
(1534, '5', '5', 1, 60, '2021-07-23', 28, 7, '', NULL),
(1535, '5', '5', 4, 45, '2021-07-23', 18, 7, '', NULL),
(1536, '6', '7', 1, 60, '2021-07-23', 18, 7, '', NULL),
(1537, '5', '5', 1, 60, '2021-07-23', 19, 7, '', NULL),
(1538, '4', '3', 1, 60, '2021-07-23', 86, 7, 'Actualizado por Lourdes Andrea Torres Padilla', NULL),
(1539, '6', '7', 1, 60, '2021-07-23', 37, 7, '', NULL),
(1540, '5', '5', 1, 60, '2021-07-23', 55, 7, '', NULL),
(1541, '6', '7', 1, 60, '2021-07-23', 85, 7, '', NULL),
(1542, '6', '8', 2, 60, '2021-07-23', 67, 7, 'Actualizado por Lourdes Andrea Torres Padilla', NULL),
(1543, '7', '9', 1, 60, '2021-07-24', 22, 7, '', NULL),
(1544, '1', '2', 2, 45, '2021-07-24', 22, 7, '', NULL),
(1545, '7', '10', 1, 60, '2021-07-24', 23, 7, '', NULL),
(1546, '5', '6', 2, 60, '2021-07-24', 30, 7, 'Actualizado por Lourdes Andrea Torres Padilla', NULL),
(1547, '1', '2', 1, 45, '2021-07-24', 30, 7, '', NULL),
(1548, '8', '12', 1, 90, '2021-07-24', 71, 7, '', NULL),
(1549, '1', '2', 1, 45, '2021-07-24', 71, 7, '', NULL),
(1550, '1', '1', 1, 60, '2021-07-24', 27, 7, '', NULL),
(1551, '1', '2', 2, 45, '2021-07-24', 27, 7, '', NULL),
(1552, '4', '4', 1, 60, '2021-07-24', 21, 7, '', NULL),
(1553, '1', '2', 2, 45, '2021-07-24', 39, 7, '', NULL),
(1554, '6', '8', 1, 60, '2021-07-24', 49, 7, '', NULL),
(1555, '1', '2', 1, 60, '2021-07-24', 24, 7, '', NULL),
(1556, '4', '4', 1, 60, '2021-07-24', 24, 7, '', NULL),
(1557, '5', '6', 1, 60, '2021-07-24', 32, 7, '', NULL),
(1558, '4', '4', 1, 60, '2021-07-24', 68, 7, '', NULL),
(1559, '1', '1', 1, 60, '2021-07-24', 43, 7, '', NULL),
(1560, '1', '2', 1, 45, '2021-07-24', 43, 7, 'Actualizado por Lourdes Andrea Torres Padilla', NULL),
(1561, '1', '2', 1, 45, '2021-07-24', 42, 7, '', NULL),
(1562, '1', '1', 1, 60, '2021-07-24', 74, 7, '', NULL),
(1563, '4', '4', 1, 60, '2021-07-24', 85, 7, '', NULL),
(1564, '1', '2', 1, 60, '2021-07-24', 40, 7, '', NULL),
(1565, '7', '9', 1, 60, '2021-07-24', 25, 7, '', NULL),
(1566, '1', '2', 2, 45, '2021-07-24', 25, 7, '', NULL),
(1567, '7', '9', 1, 60, '2021-07-24', 29, 7, '', NULL),
(1568, '1', '2', 1, 45, '2021-07-24', 29, 7, '', NULL),
(1569, '1', '2', 1, 60, '2021-07-24', 29, 7, '', NULL),
(1570, '1', '1', 1, 60, '2021-07-24', 38, 7, '', NULL),
(1571, '1', '2', 1, 45, '2021-07-24', 34, 7, '', NULL),
(1572, '4', '4', 1, 60, '2021-07-24', 34, 7, '', NULL),
(1573, '7', '10', 1, 60, '2021-07-24', 34, 7, '', NULL),
(1574, '1', '2', 2, 45, '2021-07-24', 33, 7, '', NULL),
(1575, '1', '1', 1, 60, '2021-07-24', 28, 7, '', NULL),
(1576, '5', '5', 1, 60, '2021-07-24', 20, 7, '', NULL),
(1577, '5', '5', 2, 60, '2021-07-24', 19, 7, '', NULL),
(1578, '4', '3', 1, 60, '2021-07-24', 37, 7, '', NULL),
(1579, '5', '5', 1, 45, '2021-07-24', 82, 7, 'Actualizado por Lourdes Andrea Torres Padilla', NULL),
(1580, '1', '2', 1, 45, '2021-07-25', 80, 7, 'Actualizado por Lourdes Andrea Torres Padilla', NULL),
(1582, '4', '4', 1, 60, '2021-07-25', 23, 7, '', NULL),
(1587, '5', '6', 3, 60, '2021-07-25', 23, 7, '', NULL),
(1588, '6', '8', 1, 60, '2021-07-25', 23, 7, '', NULL),
(1589, '1', '2', 2, 60, '2021-07-25', 23, 7, '', NULL),
(1590, '1', '2', 1, 60, '2021-07-25', 71, 7, '', NULL),
(1591, '1', '2', 1, 45, '2021-07-25', 71, 7, '', NULL),
(1592, '1', '2', 2, 45, '2021-07-25', 27, 7, '', NULL),
(1593, '4', '4', 1, 60, '2021-07-25', 24, 7, '', NULL),
(1594, '4', '3', 1, 60, '2021-07-25', 74, 7, '', NULL),
(1595, '1', '2', 1, 45, '2021-07-25', 72, 7, '', NULL),
(1596, '1', '1', 1, 60, '2021-07-25', 28, 7, '', NULL),
(1597, '4', '3', 1, 60, '2021-07-25', 50, 7, '', NULL),
(1598, '1', '2', 1, 45, '2021-07-26', 51, 7, '', NULL),
(1599, '1', '2', 2, 45, '2021-07-26', 22, 7, '', NULL),
(1600, '5', '5', 1, 45, '2021-07-26', 22, 7, '', NULL),
(1601, '1', '2', 1, 60, '2021-07-26', 71, 7, '', NULL),
(1602, '1', '2', 2, 45, '2021-07-26', 71, 7, '', NULL),
(1603, '1', '2', 1, 60, '2021-07-26', 56, 7, '', NULL),
(1604, '5', '6', 1, 90, '2021-07-26', 49, 7, '', NULL),
(1605, '1', '2', 1, 45, '2021-07-26', 69, 7, '', NULL),
(1606, '4', '4', 2, 60, '2021-07-23', 67, 7, 'Actualizado por Lourdes Andrea Torres Padilla', NULL),
(1607, '5', '6', 1, 60, '2021-07-26', 32, 7, '', NULL),
(1608, '1', '2', 1, 60, '2021-07-26', 26, 7, '', NULL),
(1609, '5', '5', 1, 60, '2021-07-26', 42, 7, '', NULL),
(1610, '5', '5', 1, 45, '2021-07-26', 42, 7, '', NULL),
(1611, '5', '5', 2, 60, '2021-07-26', 29, 7, '', NULL),
(1612, '1', '2', 1, 60, '2021-07-26', 53, 7, '', NULL),
(1613, '1', '2', 1, 45, '2021-07-26', 16, 7, '', NULL),
(1614, '5', '5', 1, 45, '2021-07-26', 28, 7, '', NULL),
(1615, '5', '5', 1, 45, '2021-07-26', 18, 7, '', NULL),
(1616, '5', '5', 1, 45, '2021-07-26', 37, 7, '', NULL),
(1617, '4', '4', 1, 60, '2021-07-26', 67, 7, '', NULL),
(1618, '1', '2', 1, 45, '2021-07-26', 67, 7, '', NULL),
(1619, '5', '6', 1, 60, '2021-07-27', 22, 7, '', NULL),
(1620, '1', '2', 4, 45, '2021-07-27', 22, 7, '', NULL),
(1621, '1', '2', 3, 45, '2021-07-27', 80, 7, '', NULL),
(1622, '1', '2', 1, 60, '2021-07-27', 80, 7, '', NULL),
(1623, '1', '2', 2, 45, '2021-07-27', 71, 7, '', NULL),
(1624, '1', '2', 2, 45, '2021-07-27', 39, 7, 'Actualizado por Lourdes Andrea Torres Padilla', NULL),
(1625, '5', '6', 1, 60, '2021-07-27', 81, 7, '', NULL),
(1626, '4', '4', 2, 60, '2021-07-27', 81, 7, '', NULL),
(1627, '1', '2', 2, 45, '2021-07-27', 69, 7, '', NULL),
(1628, '1', '2', 1, 45, '2021-07-27', 15, 7, '', NULL),
(1629, '5', '6', 1, 60, '2021-07-27', 24, 7, '', NULL),
(1630, '6', '8', 1, 60, '2021-07-27', 24, 7, '', NULL),
(1631, '1', '2', 2, 45, '2021-07-27', 26, 7, '', NULL),
(1632, '5', '5', 1, 60, '2021-07-27', 26, 7, '', NULL),
(1633, '5', '6', 1, 60, '2021-07-27', 64, 7, 'Actualizado por Lourdes Andrea Torres Padilla', NULL),
(1634, '4', '4', 1, 60, '2021-07-27', 85, 7, '', NULL),
(1635, '1', '2', 1, 60, '2021-07-27', 25, 7, '', NULL),
(1636, '1', '2', 1, 45, '2021-07-27', 25, 7, '', NULL),
(1637, '1', '2', 1, 45, '2021-07-27', 29, 7, '', NULL),
(1638, '1', '2', 1, 60, '2021-07-27', 29, 7, '', NULL),
(1639, '1', '2', 1, 45, '2021-07-27', 16, 7, '', NULL),
(1640, '1', '2', 1, 45, '2021-07-27', 33, 7, '', NULL),
(1641, '5', '5', 1, 45, '2021-07-27', 28, 7, '', NULL),
(1642, '1', '1', 1, 45, '2021-07-27', 28, 7, '', NULL),
(1643, '5', '5', 1, 60, '2021-07-27', 19, 7, '', NULL),
(1644, '5', '5', 1, 45, '2021-07-27', 37, 7, '', NULL),
(1645, '5', '5', 1, 45, '2021-07-27', 47, 7, '', NULL),
(1646, '5', '5', 1, 60, '2021-07-27', 47, 7, '', NULL),
(1647, '5', '5', 2, 60, '2021-07-27', 82, 7, '', NULL),
(1648, '5', '6', 1, 60, '2021-07-27', 66, 7, '', NULL),
(1649, '1', '2', 1, 45, '2021-07-30', 51, 7, '', NULL),
(1650, '1', '2', 1, 45, '2021-07-30', 22, 7, '', NULL),
(1651, '6', '7', 1, 60, '2021-07-30', 22, 7, '', NULL),
(1652, '1', '2', 1, 45, '2021-07-30', 80, 7, '', NULL),
(1653, '1', '2', 1, 60, '2021-07-30', 71, 7, '', NULL),
(1654, '5', '6', 1, 60, '2021-07-30', 24, 7, '', NULL),
(1655, '1', '2', 2, 45, '2021-07-30', 24, 7, '', NULL),
(1656, '6', '8', 1, 60, '2021-07-30', 24, 7, '', NULL),
(1657, '4', '4', 1, 60, '2021-07-30', 24, 7, '', NULL),
(1658, '5', '5', 1, 45, '2021-07-30', 42, 7, '', NULL),
(1659, '5', '5', 2, 60, '2021-07-30', 42, 7, '', NULL),
(1660, '6', '7', 1, 60, '2021-07-30', 85, 7, '', NULL),
(1661, '1', '2', 2, 60, '2021-07-30', 40, 7, '', NULL),
(1662, '5', '6', 1, 90, '2021-07-30', 29, 7, '', NULL),
(1663, '5', '5', 1, 45, '2021-07-30', 29, 7, '', NULL),
(1664, '1', '2', 1, 60, '2021-07-30', 29, 7, '', NULL),
(1665, '6', '7', 1, 60, '2021-07-30', 29, 7, '', NULL),
(1666, '1', '2', 1, 45, '2021-07-30', 53, 7, '', NULL),
(1667, '1', '2', 1, 45, '2021-07-30', 34, 7, '', NULL),
(1668, '1', '2', 2, 45, '2021-07-30', 16, 7, '', NULL),
(1669, '5', '5', 4, 45, '2021-07-30', 18, 7, '', NULL),
(1670, '6', '7', 1, 60, '2021-07-30', 18, 7, '', NULL),
(1671, '5', '5', 1, 60, '2021-07-30', 19, 7, '', NULL),
(1672, '4', '3', 1, 60, '2021-07-30', 86, 7, '', NULL),
(1673, '6', '7', 1, 60, '2021-07-30', 37, 7, '', NULL),
(1674, '5', '5', 1, 60, '2021-07-30', 55, 7, '', NULL),
(1675, '6', '8', 1, 60, '2021-07-30', 67, 7, 'Actualizado por Lourdes Andrea Torres Padilla', NULL),
(1676, '4', '4', 1, 60, '2021-07-30', 67, 7, '', NULL),
(1677, '5', '5', 1, 45, '2021-07-30', 28, 7, '', NULL),
(1678, '6', '7', 2, 60, '2021-07-30', 28, 7, '', NULL),
(1679, '5', '5', 2, 60, '2021-07-30', 28, 7, '', NULL),
(1680, '1', '1', 1, 60, '2021-07-31', 28, 7, '', NULL),
(1681, '1', '2', 3, 45, '2021-07-31', 22, 7, '', NULL),
(1682, '7', '9', 1, 60, '2021-07-31', 22, 7, '', NULL),
(1683, '7', '10', 1, 60, '2021-07-31', 23, 7, '', NULL),
(1684, '6', '8', 1, 60, '2021-07-31', 23, 7, '', NULL),
(1685, '1', '2', 1, 45, '2021-07-31', 30, 7, '', NULL),
(1686, '8', '12', 1, 90, '2021-07-31', 71, 7, '', NULL),
(1687, '1', '2', 1, 45, '2021-07-31', 71, 7, '', NULL),
(1688, '1', '1', 1, 60, '2021-07-31', 27, 7, '', NULL),
(1689, '1', '2', 1, 45, '2021-07-31', 27, 7, '', NULL),
(1690, '4', '4', 1, 60, '2021-07-31', 21, 7, '', NULL),
(1691, '6', '8', 1, 60, '2021-07-31', 49, 7, '', NULL),
(1692, '5', '6', 1, 60, '2021-07-31', 49, 7, '', NULL),
(1693, '1', '2', 1, 60, '2021-07-31', 24, 7, '', NULL),
(1694, '4', '4', 1, 60, '2021-07-31', 24, 7, '', NULL),
(1695, '6', '8', 1, 60, '2021-07-31', 32, 7, '', NULL),
(1696, '5', '6', 1, 60, '2021-07-31', 32, 7, '', NULL),
(1697, '1', '2', 1, 45, '2021-07-31', 42, 7, '', NULL),
(1698, '1', '1', 1, 60, '2021-07-31', 74, 7, '', NULL),
(1699, '1', '2', 1, 45, '2021-07-31', 40, 7, '', NULL),
(1700, '7', '9', 1, 60, '2021-07-31', 25, 7, '', NULL),
(1701, '6', '7', 1, 60, '2021-07-31', 25, 7, '', NULL),
(1702, '7', '9', 1, 60, '2021-07-31', 29, 7, '', NULL),
(1703, '1', '2', 1, 45, '2021-07-31', 29, 7, '', NULL),
(1704, '1', '2', 1, 45, '2021-07-31', 34, 7, '', NULL),
(1705, '4', '4', 1, 60, '2021-07-31', 34, 7, '', NULL),
(1706, '7', '10', 1, 60, '2021-07-31', 34, 7, '', NULL),
(1707, '1', '2', 2, 45, '2021-07-31', 33, 7, '', NULL),
(1708, '5', '5', 1, 60, '2021-07-31', 20, 7, '', NULL),
(1709, '5', '5', 2, 60, '2021-07-31', 19, 7, '', NULL),
(1710, '4', '3', 1, 60, '2021-07-31', 19, 7, '', NULL),
(1711, '1', '1', 1, 60, '2021-07-31', 38, 7, '', NULL),
(1712, '6', '7', 1, 60, '2021-07-31', 37, 7, '', NULL),
(1713, '5', '5', 1, 60, '2021-07-31', 37, 7, '', NULL),
(1714, '4', '3', 1, 60, '2021-07-31', 37, 7, '', NULL),
(1715, '4', '4', 1, 60, '2021-07-31', 68, 7, '', NULL),
(1716, '1', '1', 1, 60, '2021-07-31', 43, 7, '', NULL),
(1717, '1', '2', 1, 45, '2021-07-31', 43, 7, '', NULL),
(1718, '1', '2', 1, 45, '2021-07-13', 69, 7, '', NULL),
(1719, '1', '2', 1, 60, '2021-07-13', 39, 7, '', NULL),
(1720, '1', '2', 1, 60, '2021-07-20', 39, 7, '', NULL),
(1721, '1', '2', 1, 60, '2021-07-27', 39, 7, 'Actualizado por Lourdes Andrea Torres Padilla', NULL),
(1722, '1', '2', 1, 45, '2021-08-01', 80, 8, '', NULL),
(1723, '1', '1', 1, 60, '2021-08-01', 80, 8, '', NULL),
(1724, '4', '4', 1, 60, '2021-08-01', 23, 8, '', NULL),
(1725, '1', '2', 1, 60, '2021-08-01', 23, 8, '', NULL),
(1726, '1', '2', 1, 45, '2021-08-01', 71, 8, '', NULL),
(1727, '1', '2', 2, 45, '2021-08-01', 27, 8, '', NULL),
(1728, '1', '2', 1, 60, '2021-08-01', 21, 8, '', NULL),
(1730, '4', '4', 1, 60, '2021-08-01', 24, 8, '', NULL),
(1731, '4', '3', 1, 60, '2021-08-01', 74, 8, '', NULL),
(1732, '1', '1', 1, 45, '2021-08-01', 25, 8, '', NULL),
(1733, '4', '3', 1, 60, '2021-08-01', 50, 8, '', NULL),
(1734, '1', '2', 1, 45, '2021-08-01', 72, 8, '', NULL),
(1735, '1', '1', 1, 60, '2021-08-01', 28, 8, '', NULL),
(1736, '1', '2', 3, 45, '2021-07-03', 39, 7, '', NULL),
(1737, '1', '2', 1, 45, '2021-08-02', 51, 8, '', NULL),
(1738, '1', '2', 4, 45, '2021-08-02', 22, 8, '', NULL),
(1739, '1', '2', 1, 60, '2021-08-02', 71, 8, '', NULL),
(1740, '1', '2', 1, 45, '2021-08-02', 71, 8, '', NULL),
(1741, '1', '2', 1, 45, '2021-08-02', 69, 8, '', NULL),
(1742, '7', '10', 1, 60, '2021-08-02', 31, 8, '', NULL),
(1743, '1', '2', 1, 60, '2021-08-02', 26, 8, '', NULL),
(1744, '1', '2', 1, 60, '2021-08-02', 40, 8, '', NULL),
(1745, '5', '5', 1, 60, '2021-08-02', 29, 8, '', NULL),
(1746, '1', '2', 2, 45, '2021-08-02', 16, 8, '', NULL),
(1747, '4', '4', 1, 60, '2021-08-02', 67, 8, '', NULL),
(1748, '1', '2', 1, 60, '2021-08-02', 56, 8, '', NULL),
(1749, '1', '2', 4, 45, '2021-08-03', 22, 8, 'Actualizado por Lourdes Andrea Torres Padilla', NULL),
(1750, '1', '2', 3, 45, '2021-08-03', 80, 8, '', NULL),
(1751, '1', '2', 1, 60, '2021-08-03', 80, 8, '', NULL),
(1752, '1', '2', 1, 45, '2021-08-03', 71, 8, '', NULL),
(1753, '1', '2', 3, 45, '2021-08-03', 39, 8, '', NULL),
(1754, '4', '4', 2, 60, '2021-08-03', 81, 8, 'Actualizado por Lourdes Andrea Torres Padilla', NULL),
(1755, '1', '2', 2, 45, '2021-08-03', 69, 8, '', NULL),
(1756, '1', '2', 1, 45, '2021-08-03', 15, 8, '', NULL),
(1757, '6', '8', 1, 60, '2021-08-03', 24, 8, '', NULL),
(1758, '1', '2', 2, 45, '2021-08-03', 26, 8, '', NULL),
(1759, '1', '2', 1, 60, '2021-08-03', 25, 8, '', NULL),
(1760, '1', '2', 1, 45, '2021-08-03', 29, 8, '', NULL),
(1761, '1', '2', 1, 45, '2021-08-03', 16, 8, '', NULL),
(1762, '1', '2', 1, 45, '2021-08-03', 33, 8, '', NULL),
(1763, '1', '1', 1, 45, '2021-08-03', 28, 8, '', NULL),
(1764, '1', '2', 1, 45, '2021-08-03', 35, 8, '', NULL),
(1765, '1', '2', 2, 45, '2021-08-04', 22, 8, '', NULL),
(1766, '1', '2', 2, 45, '2021-08-04', 80, 8, '', NULL),
(1767, '1', '2', 4, 45, '2021-08-04', 71, 8, '', NULL),
(1768, '1', '2', 1, 45, '2021-08-04', 35, 8, '', NULL),
(1769, '1', '2', 1, 60, '2021-08-04', 31, 8, '', NULL),
(1770, '6', '8', 2, 60, '2021-08-04', 31, 8, '', NULL),
(1771, '1', '2', 2, 45, '2021-08-04', 26, 8, '', NULL),
(1772, '1', '2', 1, 60, '2021-08-04', 26, 8, '', NULL),
(1773, '1', '2', 1, 60, '2021-08-04', 40, 8, '', NULL),
(1774, '6', '7', 1, 60, '2021-08-04', 29, 8, '', NULL),
(1775, '1', '2', 1, 45, '2021-08-04', 53, 8, '', NULL),
(1776, '6', '7', 1, 60, '2021-08-04', 28, 8, '', NULL),
(1777, '6', '7', 1, 60, '2021-08-04', 37, 8, '', NULL),
(1778, '6', '8', 1, 60, '2021-08-04', 32, 8, '', NULL),
(1779, '6', '7', 1, 60, '2021-08-04', 28, 8, '', NULL),
(1780, '6', '7', 1, 90, '2021-08-04', 83, 8, 'Actualizado por Lourdes Andrea Torres Padilla', NULL),
(1781, '4', '4', 1, 60, '2021-08-04', 84, 8, '', NULL),
(1782, '6', '8', 1, 60, '2021-08-04', 84, 8, '', NULL),
(1783, '6', '8', 2, 60, '2021-08-04', 68, 8, '', NULL),
(1784, '4', '4', 1, 60, '2021-08-04', 34, 8, '', NULL),
(1785, '1', '2', 1, 45, '2021-08-04', 34, 8, '', NULL),
(1786, '1', '2', 4, 45, '2021-08-05', 22, 8, '', NULL),
(1787, '6', '7', 1, 60, '2021-08-05', 22, 8, '', NULL),
(1788, '1', '2', 4, 45, '2021-08-05', 71, 8, '', NULL),
(1789, '1', '2', 1, 45, '2021-08-05', 21, 8, '', NULL),
(1790, '1', '2', 2, 45, '2021-08-05', 24, 8, '', NULL),
(1791, '6', '7', 2, 60, '2021-08-05', 24, 8, '', NULL),
(1792, '6', '7', 1, 60, '2021-08-05', 42, 8, '', NULL),
(1793, '4', '4', 2, 60, '2021-08-05', 65, 8, 'Actualizado por Lourdes Andrea Torres Padilla', NULL),
(1794, '6', '7', 1, 60, '2021-08-05', 65, 8, '', NULL),
(1795, '1', '2', 2, 45, '2021-08-05', 25, 8, '', NULL),
(1796, '6', '7', 1, 60, '2021-08-05', 25, 8, '', NULL),
(1797, '1', '2', 1, 45, '2021-08-05', 29, 8, '', NULL),
(1798, '4', '4', 1, 60, '2021-08-05', 34, 8, '', NULL),
(1799, '6', '8', 1, 60, '2021-08-05', 34, 8, '', NULL),
(1800, '1', '2', 2, 45, '2021-08-05', 39, 8, '', NULL),
(1801, '4', '3', 1, 60, '2021-08-05', 88, 8, '', NULL),
(1802, '1', '2', 1, 45, '2021-08-06', 51, 8, '', NULL),
(1803, '1', '2', 2, 45, '2021-08-06', 80, 8, '', NULL),
(1804, '1', '2', 2, 60, '2021-08-06', 80, 8, '', NULL),
(1805, '1', '2', 1, 60, '2021-08-06', 71, 8, '', NULL),
(1806, '1', '2', 2, 45, '2021-08-06', 24, 8, '', NULL),
(1807, '4', '4', 1, 60, '2021-08-06', 24, 8, '', NULL),
(1808, '6', '7', 1, 60, '2021-08-06', 85, 8, '', NULL),
(1809, '1', '2', 1, 60, '2021-08-06', 40, 8, '', NULL),
(1810, '1', '2', 1, 60, '2021-08-06', 29, 8, '', NULL),
(1811, '6', '7', 1, 60, '2021-08-06', 29, 8, '', NULL),
(1812, '1', '2', 1, 45, '2021-08-06', 53, 8, '', NULL),
(1813, '1', '2', 2, 45, '2021-08-06', 16, 8, '', NULL),
(1814, '1', '2', 1, 45, '2021-08-06', 33, 8, '', NULL),
(1815, '6', '7', 1, 60, '2021-08-06', 28, 8, '', NULL),
(1816, '6', '7', 1, 60, '2021-08-06', 18, 8, '', NULL),
(1817, '4', '3', 1, 60, '2021-08-06', 86, 8, '', NULL),
(1818, '6', '7', 1, 60, '2021-08-06', 37, 8, '', NULL),
(1819, '6', '8', 1, 60, '2021-08-06', 67, 8, '', NULL),
(1820, '1', '2', 1, 45, '2021-08-06', 67, 8, '', NULL),
(1821, '4', '4', 1, 60, '2021-08-06', 67, 8, '', NULL),
(1822, '1', '2', 1, 45, '2021-08-06', 35, 8, '', NULL),
(1823, '1', '2', 1, 45, '2021-08-06', 69, 8, '', NULL),
(1824, '6', '7', 1, 60, '2021-08-06', 22, 8, '', NULL),
(1825, '1', '2', 1, 45, '2021-08-07', 27, 8, 'Actualizado por Lourdes Andrea Torres Padilla', NULL),
(1826, '1', '1', 1, 60, '2021-08-07', 27, 8, '', NULL),
(1827, '1', '2', 1, 45, '2021-08-07', 27, 8, '', NULL),
(1828, '4', '4', 1, 60, '2021-08-07', 21, 8, '', NULL),
(1829, '1', '2', 2, 45, '2021-08-07', 39, 8, '', NULL),
(1830, '6', '8', 1, 60, '2021-08-07', 49, 8, '', NULL),
(1831, '1', '2', 1, 60, '2021-08-07', 24, 8, '', NULL),
(1832, '4', '4', 1, 60, '2021-08-07', 24, 8, '', NULL),
(1833, '6', '8', 1, 60, '2021-08-07', 32, 8, '', NULL),
(1834, '1', '2', 1, 45, '2021-08-07', 42, 8, '', NULL),
(1835, '1', '1', 1, 60, '2021-08-07', 74, 8, '', NULL),
(1836, '1', '2', 2, 45, '2021-08-07', 40, 8, '', NULL),
(1837, '1', '2', 4, 45, '2021-08-07', 25, 8, '', NULL),
(1838, '1', '2', 1, 45, '2021-08-07', 29, 8, '', NULL),
(1839, '1', '1', 1, 60, '2021-08-07', 38, 8, '', NULL),
(1840, '1', '2', 3, 45, '2021-08-07', 33, 8, '', NULL),
(1841, '1', '1', 1, 60, '2021-08-07', 28, 8, '', NULL),
(1842, '4', '3', 1, 60, '2021-08-07', 19, 8, '', NULL),
(1843, '4', '3', 1, 60, '2021-08-07', 37, 8, '', NULL),
(1844, '1', '1', 1, 60, '2021-08-07', 43, 8, '', NULL),
(1845, '1', '2', 1, 45, '2021-08-07', 43, 8, '', NULL),
(1846, '1', '2', 1, 60, '2021-08-07', 23, 8, '', NULL),
(1847, '1', '2', 1, 45, '2021-08-07', 80, 8, '', NULL),
(1848, '4', '4', 1, 60, '2021-08-07', 68, 8, '', NULL),
(1849, '1', '2', 1, 45, '2021-08-08', 80, 8, '', NULL),
(1850, '1', '1', 1, 60, '2021-08-08', 80, 8, '', NULL),
(1851, '4', '4', 1, 60, '2021-08-08', 23, 8, '', NULL),
(1852, '1', '2', 1, 60, '2021-08-08', 23, 8, '', NULL),
(1853, '1', '2', 1, 45, '2021-08-08', 71, 8, '', NULL),
(1854, '1', '2', 2, 45, '2021-08-08', 27, 8, '', NULL),
(1855, '4', '4', 1, 60, '2021-08-08', 24, 8, '', NULL),
(1856, '1', '2', 1, 45, '2021-08-08', 35, 8, '', NULL),
(1857, '4', '3', 1, 60, '2021-08-08', 74, 8, '', NULL),
(1858, '1', '1', 1, 45, '2021-08-08', 25, 8, '', NULL),
(1859, '1', '2', 1, 45, '2021-08-08', 72, 8, '', NULL),
(1860, '1', '1', 1, 60, '2021-08-08', 28, 8, '', NULL),
(1861, '4', '3', 1, 60, '2021-08-08', 50, 8, '', NULL),
(1862, '1', '2', 1, 45, '2021-08-09', 51, 8, '', NULL),
(1863, '1', '2', 2, 45, '2021-08-09', 71, 8, '', NULL),
(1864, '1', '2', 1, 60, '2021-08-09', 71, 8, '', NULL),
(1865, '1', '2', 1, 45, '2021-08-09', 26, 8, '', NULL),
(1866, '1', '2', 1, 60, '2021-08-09', 26, 8, '', NULL),
(1867, '1', '2', 1, 60, '2021-08-09', 40, 8, '', NULL),
(1868, '1', '2', 1, 45, '2021-08-09', 25, 8, '', NULL),
(1869, '1', '2', 3, 45, '2021-08-09', 16, 8, 'Actualizado por Lourdes Andrea Torres Padilla', NULL),
(1870, '4', '4', 1, 60, '2021-08-09', 67, 8, '', NULL);
INSERT INTO `curso` (`id_curso`, `categoria`, `tipo`, `cantidad`, `tiempo`, `fecha`, `id_pro`, `id_mes`, `modificado`, `modo`) VALUES
(1871, '1', '2', 1, 45, '2021-08-09', 67, 8, '', NULL),
(1872, '6', '7', 1, 60, '2021-08-09', 65, 8, '', NULL),
(1873, '1', '2', 6, 45, '2021-08-10', 80, 8, '', NULL),
(1874, '1', '2', 1, 60, '2021-08-10', 80, 8, '', NULL),
(1875, '1', '2', 1, 45, '2021-08-10', 71, 8, '', NULL),
(1876, '1', '2', 2, 45, '2021-08-10', 21, 8, '', NULL),
(1877, '1', '2', 1, 45, '2021-08-10', 39, 8, '', NULL),
(1878, '1', '2', 1, 60, '2021-08-10', 39, 8, '', NULL),
(1879, '1', '2', 1, 45, '2021-08-10', 56, 8, '', NULL),
(1880, '1', '2', 1, 60, '2021-08-10', 56, 8, '', NULL),
(1881, '4', '4', 1, 60, '2021-08-10', 81, 8, '', NULL),
(1882, '1', '2', 1, 45, '2021-08-10', 15, 8, '', NULL),
(1883, '1', '2', 1, 45, '2021-08-10', 69, 8, '', NULL),
(1884, '6', '8', 1, 60, '2021-08-10', 24, 8, '', NULL),
(1885, '1', '2', 1, 45, '2021-08-10', 26, 8, '', NULL),
(1886, '4', '4', 1, 60, '2021-08-10', 85, 8, '', NULL),
(1887, '1', '2', 2, 45, '2021-08-10', 25, 8, '', NULL),
(1888, '1', '2', 1, 60, '2021-08-10', 25, 8, '', NULL),
(1889, '1', '2', 1, 45, '2021-08-10', 29, 8, '', NULL),
(1890, '1', '2', 1, 60, '2021-08-10', 29, 8, '', NULL),
(1891, '1', '2', 1, 45, '2021-08-10', 16, 8, '', NULL),
(1892, '1', '2', 2, 45, '2021-08-10', 33, 8, '', NULL),
(1893, '1', '1', 1, 45, '2021-08-10', 28, 8, '', NULL),
(1896, '1', '2', 3, 45, '2021-08-13', 80, 8, '', NULL),
(1897, '1', '2', 2, 45, '2021-08-13', 71, 8, '', NULL),
(1898, '1', '2', 1, 60, '2021-08-13', 71, 8, '', NULL),
(1899, '1', '2', 2, 45, '2021-08-13', 24, 8, '', NULL),
(1900, '4', '4', 1, 60, '2021-08-13', 24, 8, 'Actualizado por Lourdes Andrea Torres Padilla', NULL),
(1901, '1', '2', 1, 45, '2021-08-13', 42, 8, '', NULL),
(1902, '1', '1', 1, 60, '2021-08-13', 42, 8, '', NULL),
(1903, '6', '7', 1, 60, '2021-08-13', 85, 8, '', NULL),
(1904, '1', '2', 2, 45, '2021-08-13', 40, 8, '', NULL),
(1905, '1', '2', 1, 60, '2021-08-13', 40, 8, '', NULL),
(1906, '1', '2', 3, 45, '2021-08-13', 25, 8, '', NULL),
(1907, '1', '2', 1, 60, '2021-08-13', 29, 8, '', NULL),
(1908, '6', '7', 1, 60, '2021-08-13', 29, 8, '', NULL),
(1909, '1', '2', 2, 45, '2021-08-13', 53, 8, '', NULL),
(1910, '1', '2', 2, 45, '2021-08-13', 33, 8, '', NULL),
(1911, '1', '2', 1, 45, '2021-08-13', 34, 8, '', NULL),
(1912, '1', '2', 2, 45, '2021-08-13', 16, 8, '', NULL),
(1913, '6', '7', 1, 60, '2021-08-13', 28, 8, '', NULL),
(1914, '6', '7', 1, 60, '2021-08-13', 18, 8, '', NULL),
(1915, '4', '3', 1, 60, '2021-08-13', 86, 8, '', NULL),
(1916, '6', '7', 1, 60, '2021-08-13', 37, 8, '', NULL),
(1917, '6', '8', 1, 60, '2021-08-13', 67, 8, '', NULL),
(1918, '4', '4', 1, 60, '2021-08-13', 67, 8, '', NULL),
(1919, '1', '2', 1, 45, '2021-08-13', 51, 8, '', NULL),
(1920, '1', '2', 1, 45, '2021-08-14', 51, 8, '', NULL),
(1921, '1', '2', 7, 45, '2021-08-14', 80, 8, '', NULL),
(1922, '6', '8', 1, 60, '2021-08-14', 23, 8, '', NULL),
(1923, '8', '12', 1, 90, '2021-08-14', 71, 8, '', NULL),
(1924, '1', '1', 1, 60, '2021-08-14', 27, 8, '', NULL),
(1925, '1', '2', 1, 45, '2021-08-14', 27, 8, '', NULL),
(1926, '1', '2', 1, 45, '2021-08-14', 21, 8, 'Actualizado por Lourdes Andrea Torres Padilla', NULL),
(1927, '4', '4', 1, 60, '2021-08-14', 21, 8, '', NULL),
(1928, '1', '2', 2, 45, '2021-08-14', 39, 8, '', NULL),
(1929, '6', '8', 1, 60, '2021-08-14', 49, 8, '', NULL),
(1930, '4', '4', 1, 60, '2021-08-14', 24, 8, '', NULL),
(1931, '1', '2', 1, 45, '2021-08-14', 35, 8, '', NULL),
(1932, '6', '8', 1, 60, '2021-08-14', 32, 8, '', NULL),
(1933, '6', '8', 1, 60, '2021-08-14', 32, 8, '', NULL),
(1934, '1', '1', 1, 60, '2021-08-14', 74, 8, '', NULL),
(1935, '1', '2', 2, 45, '2021-08-14', 40, 8, '', NULL),
(1936, '1', '2', 4, 45, '2021-08-14', 25, 8, '', NULL),
(1937, '1', '2', 2, 45, '2021-08-14', 29, 8, '', NULL),
(1938, '1', '2', 1, 60, '2021-08-14', 29, 8, '', NULL),
(1939, '1', '1', 1, 60, '2021-08-14', 38, 8, 'Actualizado por Lourdes Andrea Torres Padilla', NULL),
(1940, '1', '2', 3, 45, '2021-08-14', 33, 8, '', NULL),
(1941, '1', '1', 1, 60, '2021-08-14', 28, 8, '', NULL),
(1942, '4', '3', 1, 60, '2021-08-14', 19, 8, '', NULL),
(1943, '1', '1', 1, 60, '2021-08-14', 90, 8, '', NULL),
(1944, '4', '3', 1, 60, '2021-08-14', 37, 8, '', NULL),
(1945, '4', '4', 1, 60, '2021-08-14', 68, 8, '', NULL),
(1946, '1', '1', 1, 60, '2021-08-14', 43, 8, '', NULL),
(1947, '1', '2', 1, 45, '2021-08-14', 43, 8, '', NULL),
(1948, '1', '1', 1, 60, '2021-08-14', 91, 8, '', NULL),
(1949, '1', '2', 1, 45, '2021-08-14', 34, 8, '', NULL),
(1950, '4', '4', 1, 60, '2021-08-14', 34, 8, '', NULL),
(1951, '1', '2', 2, 45, '2021-08-15', 80, 8, 'Actualizado por Lourdes Andrea Torres Padilla', NULL),
(1952, '1', '1', 1, 60, '2021-08-15', 80, 8, '', NULL),
(1953, '4', '4', 1, 60, '2021-08-15', 23, 8, '', NULL),
(1954, '1', '2', 1, 60, '2021-08-15', 23, 8, '', NULL),
(1955, '1', '2', 2, 45, '2021-08-15', 71, 8, '', NULL),
(1956, '1', '2', 2, 45, '2021-08-15', 27, 8, '', NULL),
(1957, '1', '2', 2, 45, '2021-08-15', 21, 8, '', NULL),
(1958, '4', '4', 1, 60, '2021-08-15', 24, 8, '', NULL),
(1960, '4', '3', 1, 60, '2021-08-15', 74, 8, '', NULL),
(1961, '1', '2', 1, 45, '2021-08-15', 25, 8, '', NULL),
(1962, '1', '2', 1, 45, '2021-08-15', 72, 8, '', NULL),
(1963, '1', '1', 1, 60, '2021-08-15', 28, 8, '', NULL),
(1964, '4', '3', 1, 60, '2021-08-15', 50, 8, '', NULL),
(1965, '1', '2', 5, 45, '2021-08-11', 80, 8, '', NULL),
(1966, '1', '2', 2, 60, '2021-08-11', 23, 8, '', NULL),
(1967, '1', '2', 5, 45, '2021-08-11', 71, 8, '', NULL),
(1968, '1', '2', 1, 60, '2021-08-11', 56, 8, '', NULL),
(1969, '1', '2', 4, 45, '2021-08-11', 24, 8, '', NULL),
(1970, '6', '8', 1, 60, '2021-08-11', 32, 8, '', NULL),
(1971, '6', '8', 1, 60, '2021-08-11', 31, 8, '', NULL),
(1972, '1', '2', 1, 60, '2021-08-11', 31, 8, '', NULL),
(1973, '1', '2', 1, 45, '2021-08-11', 26, 8, '', NULL),
(1974, '1', '2', 1, 60, '2021-08-11', 26, 8, '', NULL),
(1975, '1', '2', 1, 45, '2021-08-11', 42, 8, '', NULL),
(1976, '1', '2', 1, 60, '2021-08-11', 40, 8, '', NULL),
(1977, '1', '2', 1, 45, '2021-08-11', 25, 8, '', NULL),
(1978, '6', '7', 1, 60, '2021-08-11', 29, 8, '', NULL),
(1979, '1', '2', 1, 45, '2021-08-11', 53, 8, 'Actualizado por Lourdes Andrea Torres Padilla', NULL),
(1980, '4', '4', 1, 60, '2021-08-11', 34, 8, '', NULL),
(1981, '6', '8', 1, 60, '2021-08-11', 34, 8, '', NULL),
(1982, '1', '2', 1, 45, '2021-08-11', 34, 8, '', NULL),
(1983, '1', '2', 4, 45, '2021-08-11', 16, 8, '', NULL),
(1984, '6', '7', 1, 60, '2021-08-11', 28, 8, '', NULL),
(1985, '6', '7', 1, 60, '2021-08-11', 37, 8, '', NULL),
(1986, '1', '2', 1, 45, '2021-08-12', 51, 8, '', NULL),
(1987, '1', '2', 1, 45, '2021-08-12', 30, 8, '', NULL),
(1988, '1', '2', 7, 45, '2021-08-12', 71, 8, '', NULL),
(1989, '1', '2', 1, 45, '2021-08-12', 21, 8, '', NULL),
(1990, '1', '2', 2, 45, '2021-08-12', 39, 8, '', NULL),
(1991, '1', '2', 1, 45, '2021-08-12', 69, 8, '', NULL),
(1992, '1', '2', 3, 45, '2021-08-12', 24, 8, '', NULL),
(1993, '6', '8', 2, 60, '2021-08-12', 24, 8, '', NULL),
(1994, '1', '2', 1, 45, '2021-08-12', 35, 8, '', NULL),
(1995, '6', '7', 1, 60, '2021-08-12', 42, 8, '', NULL),
(1996, '6', '7', 1, 60, '2021-08-12', 65, 8, '', NULL),
(1997, '4', '4', 1, 60, '2021-08-12', 65, 8, '', NULL),
(1998, '4', '3', 1, 60, '2021-08-12', 88, 8, '', NULL),
(1999, '1', '2', 1, 60, '2021-08-12', 25, 8, '', NULL),
(2000, '1', '2', 1, 45, '2021-08-12', 25, 8, '', NULL),
(2001, '6', '7', 1, 60, '2021-08-12', 25, 8, '', NULL),
(2002, '1', '2', 2, 45, '2021-08-12', 29, 8, '', NULL),
(2003, '1', '2', 1, 60, '2021-08-12', 29, 8, '', NULL),
(2004, '1', '2', 2, 45, '2021-08-12', 53, 8, '', NULL),
(2005, '1', '2', 2, 45, '2021-08-12', 33, 8, '', NULL),
(2006, '6', '7', 1, 60, '2021-08-12', 28, 8, '', NULL),
(2007, '6', '7', 1, 90, '2021-08-12', 83, 8, 'Actualizado por Lourdes Andrea Torres Padilla', NULL),
(2008, '4', '4', 1, 60, '2021-08-12', 84, 8, '', NULL),
(2009, '6', '8', 1, 60, '2021-08-12', 84, 8, '', NULL),
(2010, '6', '8', 1, 60, '2021-08-12', 68, 8, '', NULL),
(2011, '4', '4', 1, 60, '2021-08-12', 81, 8, '', NULL),
(2012, '1', '2', 1, 45, '2021-08-12', 39, 8, '', NULL),
(2014, '1', '2', 2, 45, '2021-08-16', 22, 8, '', NULL),
(2015, '1', '2', 3, 45, '2021-08-16', 71, 8, '', NULL),
(2016, '1', '2', 1, 60, '2021-08-16', 71, 8, '', NULL),
(2017, '1', '2', 1, 45, '2021-08-16', 69, 8, '', NULL),
(2018, '1', '2', 1, 45, '2021-08-16', 26, 8, '', NULL),
(2019, '1', '2', 1, 60, '2021-08-16', 26, 8, '', NULL),
(2020, '1', '2', 1, 60, '2021-08-16', 40, 8, '', NULL),
(2021, '5', '5', 1, 45, '2021-08-16', 26, 8, '', NULL),
(2022, '1', '2', 1, 45, '2021-08-16', 52, 8, '', NULL),
(2023, '1', '2', 1, 45, '2021-08-16', 25, 8, '', NULL),
(2024, '1', '2', 3, 45, '2021-08-16', 16, 8, '', NULL),
(2025, '5', '5', 1, 60, '2021-08-16', 82, 8, '', NULL),
(2026, '5', '5', 2, 45, '2021-08-16', 18, 8, '', NULL),
(2027, '5', '5', 1, 45, '2021-08-16', 90, 8, '', NULL),
(2028, '5', '5', 1, 45, '2021-08-16', 37, 8, '', NULL),
(2029, '5', '5', 1, 60, '2021-08-16', 55, 8, '', NULL),
(2031, '4', '4', 1, 60, '2021-08-16', 67, 8, '', NULL),
(2032, '1', '2', 1, 45, '2021-08-16', 67, 8, '', NULL),
(2033, '1', '2', 4, 45, '2021-08-17', 22, 8, '', NULL),
(2034, '5', '6', 1, 60, '2021-08-17', 22, 8, '', NULL),
(2035, '1', '2', 6, 45, '2021-08-17', 80, 8, '', NULL),
(2036, '1', '2', 3, 45, '2021-08-17', 71, 8, '', NULL),
(2037, '5', '6', 1, 90, '2021-08-17', 66, 8, '', NULL),
(2038, '1', '2', 3, 45, '2021-08-17', 21, 8, '', NULL),
(2039, '1', '2', 1, 45, '2021-08-17', 15, 8, '', NULL),
(2040, '1', '2', 1, 45, '2021-08-17', 69, 8, '', NULL),
(2041, '5', '6', 1, 60, '2021-08-17', 24, 8, '', NULL),
(2042, '6', '8', 1, 60, '2021-08-17', 24, 8, '', NULL),
(2043, '1', '2', 1, 60, '2021-08-17', 39, 8, '', NULL),
(2044, '1', '2', 1, 45, '2021-08-17', 56, 8, 'Actualizado por Lourdes Andrea Torres Padilla', NULL),
(2045, '1', '2', 1, 60, '2021-08-17', 56, 8, '', NULL),
(2046, '5', '6', 1, 60, '2021-08-17', 81, 8, '', NULL),
(2047, '4', '4', 2, 60, '2021-08-17', 81, 8, '', NULL),
(2048, '1', '2', 1, 45, '2021-08-17', 26, 8, '', NULL),
(2049, '5', '5', 1, 60, '2021-08-17', 26, 8, '', NULL),
(2050, '5', '6', 1, 60, '2021-08-17', 64, 8, '', NULL),
(2051, '4', '4', 1, 60, '2021-08-17', 85, 8, '', NULL),
(2052, '5', '6', 1, 60, '2021-08-17', 85, 8, '', NULL),
(2053, '1', '2', 3, 45, '2021-08-17', 25, 8, '', NULL),
(2054, '1', '2', 1, 60, '2021-08-17', 25, 8, '', NULL),
(2055, '1', '2', 1, 45, '2021-08-17', 29, 8, '', NULL),
(2056, '1', '2', 1, 60, '2021-08-17', 29, 8, '', NULL),
(2057, '1', '2', 2, 45, '2021-08-17', 33, 8, '', NULL),
(2058, '1', '2', 1, 45, '2021-08-17', 16, 8, '', NULL),
(2059, '1', '1', 1, 45, '2021-08-17', 28, 8, '', NULL),
(2060, '5', '5', 1, 60, '2021-08-17', 28, 8, '', NULL),
(2061, '5', '5', 1, 45, '2021-08-17', 28, 8, '', NULL),
(2062, '5', '5', 2, 60, '2021-08-17', 19, 8, '', NULL),
(2063, '5', '5', 1, 60, '2021-08-17', 47, 8, '', NULL),
(2064, '5', '5', 2, 60, '2021-08-17', 47, 8, '', NULL),
(2065, '1', '2', 1, 45, '2021-08-18', 22, 8, '', NULL),
(2066, '5', '5', 1, 60, '2021-08-18', 22, 8, '', NULL),
(2067, '1', '2', 5, 45, '2021-08-18', 80, 8, '', NULL),
(2068, '5', '6', 1, 60, '2021-08-18', 23, 8, '', NULL),
(2069, '1', '2', 2, 60, '2021-08-18', 23, 8, '', NULL),
(2070, '1', '2', 5, 45, '2021-08-18', 71, 8, '', NULL),
(2071, '1', '2', 1, 60, '2021-08-18', 56, 8, '', NULL),
(2072, '1', '2', 4, 45, '2021-08-18', 24, 8, '', NULL),
(2073, '5', '6', 1, 60, '2021-08-18', 24, 8, '', NULL),
(2074, '6', '8', 1, 60, '2021-08-18', 32, 8, '', NULL),
(2075, '6', '8', 1, 60, '2021-08-18', 31, 8, '', NULL),
(2076, '1', '2', 1, 60, '2021-08-18', 31, 8, '', NULL),
(2077, '1', '2', 1, 45, '2021-08-18', 26, 8, '', NULL),
(2078, '1', '2', 1, 60, '2021-08-18', 26, 8, '', NULL),
(2079, '5', '5', 1, 60, '2021-08-18', 42, 8, '', NULL),
(2080, '1', '2', 2, 45, '2021-08-18', 42, 8, '', NULL),
(2081, '5', '6', 1, 90, '2021-08-18', 64, 8, '', NULL),
(2082, '5', '6', 1, 60, '2021-08-18', 64, 8, '', NULL),
(2083, '1', '2', 1, 45, '2021-08-18', 25, 8, '', NULL),
(2084, '6', '7', 1, 60, '2021-08-18', 29, 8, '', NULL),
(2085, '1', '2', 2, 45, '2021-08-18', 53, 8, '', NULL),
(2086, '4', '4', 1, 60, '2021-08-18', 34, 8, '', NULL),
(2087, '6', '8', 1, 60, '2021-08-18', 34, 8, '', NULL),
(2088, '5', '6', 1, 90, '2021-08-18', 34, 8, '', NULL),
(2089, '1', '2', 3, 45, '2021-08-18', 16, 8, '', NULL),
(2090, '5', '5', 1, 60, '2021-08-18', 28, 8, '', NULL),
(2091, '6', '7', 1, 60, '2021-08-18', 28, 8, '', NULL),
(2092, '5', '5', 1, 60, '2021-08-18', 18, 8, '', NULL),
(2093, '6', '7', 1, 60, '2021-08-18', 37, 8, '', NULL),
(2094, '1', '2', 1, 45, '2021-08-19', 51, 8, '', NULL),
(2095, '1', '2', 4, 45, '2021-08-19', 22, 8, '', NULL),
(2096, '6', '7', 1, 90, '2021-08-19', 22, 8, '', NULL),
(2097, '1', '2', 1, 45, '2021-08-19', 30, 8, '', NULL),
(2098, '5', '6', 2, 90, '2021-08-19', 30, 8, '', NULL),
(2099, '1', '2', 5, 45, '2021-08-19', 71, 8, 'Actualizado por Lourdes Andrea Torres Padilla', NULL),
(2100, '1', '2', 1, 45, '2021-08-19', 21, 8, '', NULL),
(2101, '1', '2', 3, 45, '2021-08-19', 39, 8, '', NULL),
(2102, '5', '6', 1, 60, '2021-08-19', 81, 8, '', NULL),
(2103, '1', '2', 1, 45, '2021-08-19', 69, 8, '', NULL),
(2104, '1', '2', 3, 45, '2021-08-19', 24, 8, '', NULL),
(2105, '6', '8', 2, 60, '2021-08-19', 24, 8, '', NULL),
(2106, '1', '2', 1, 45, '2021-08-19', 35, 8, '', NULL),
(2107, '6', '7', 1, 60, '2021-08-19', 42, 8, '', NULL),
(2108, '5', '5', 1, 45, '2021-08-19', 42, 8, '', NULL),
(2109, '6', '7', 1, 60, '2021-08-19', 65, 8, '', NULL),
(2110, '4', '3', 1, 60, '2021-08-19', 88, 8, '', NULL),
(2111, '1', '2', 1, 45, '2021-08-19', 25, 8, '', NULL),
(2112, '1', '2', 1, 60, '2021-08-19', 25, 8, '', NULL),
(2113, '6', '7', 1, 60, '2021-08-19', 25, 8, '', NULL),
(2114, '1', '2', 2, 45, '2021-08-19', 29, 8, '', NULL),
(2115, '1', '2', 1, 60, '2021-08-19', 29, 8, '', NULL),
(2116, '1', '2', 2, 45, '2021-08-19', 53, 8, '', NULL),
(2117, '1', '2', 2, 45, '2021-08-19', 33, 8, '', NULL),
(2118, '5', '5', 1, 45, '2021-08-19', 28, 8, '', NULL),
(2119, '5', '5', 1, 60, '2021-08-19', 28, 8, '', NULL),
(2120, '6', '7', 1, 60, '2021-08-19', 28, 8, '', NULL),
(2121, '5', '5', 1, 60, '2021-08-19', 90, 8, '', NULL),
(2122, '5', '6', 1, 60, '2021-08-19', 90, 8, '', NULL),
(2123, '5', '5', 1, 60, '2021-08-19', 37, 8, '', NULL),
(2124, '6', '7', 1, 60, '2021-08-19', 83, 8, '', NULL),
(2125, '5', '6', 1, 90, '2021-08-19', 68, 8, '', NULL),
(2126, '6', '8', 1, 60, '2021-08-19', 68, 8, '', NULL),
(2127, '4', '4', 1, 60, '2021-08-19', 84, 8, '', NULL),
(2128, '5', '6', 1, 60, '2021-08-19', 84, 8, '', NULL),
(2129, '6', '8', 1, 60, '2021-08-19', 84, 8, '', NULL),
(2130, '1', '2', 1, 45, '2021-08-19', 30, 8, '', NULL),
(2131, '1', '2', 2, 45, '2021-08-20', 51, 8, '', NULL),
(2132, '6', '7', 1, 90, '2021-08-20', 22, 8, '', NULL),
(2133, '5', '6', 1, 60, '2021-08-20', 22, 8, '', NULL),
(2134, '1', '2', 4, 45, '2021-08-20', 80, 8, '', NULL),
(2135, '1', '2', 2, 45, '2021-08-20', 71, 8, '', NULL),
(2136, '1', '2', 1, 60, '2021-08-20', 71, 8, '', NULL),
(2137, '1', '2', 2, 45, '2021-08-20', 24, 8, '', NULL),
(2138, '5', '6', 1, 60, '2021-08-20', 24, 8, '', NULL),
(2139, '4', '4', 1, 60, '2021-08-20', 24, 8, '', NULL),
(2140, '1', '2', 1, 45, '2021-08-20', 42, 8, '', NULL),
(2141, '1', '1', 1, 60, '2021-08-20', 42, 8, '', NULL),
(2142, '5', '5', 2, 60, '2021-08-20', 42, 8, '', NULL),
(2144, '6', '7', 1, 60, '2021-08-20', 85, 8, '', NULL),
(2145, '1', '2', 2, 45, '2021-08-20', 40, 8, '', NULL),
(2146, '1', '2', 1, 60, '2021-08-20', 40, 8, '', NULL),
(2147, '1', '2', 3, 45, '2021-08-20', 25, 8, '', NULL),
(2148, '5', '6', 1, 90, '2021-08-20', 29, 8, '', NULL),
(2149, '5', '5', 1, 45, '2021-08-20', 29, 8, '', NULL),
(2150, '1', '2', 1, 60, '2021-08-20', 29, 8, '', NULL),
(2151, '6', '7', 1, 60, '2021-08-20', 29, 8, '', NULL),
(2152, '1', '2', 2, 45, '2021-08-20', 53, 8, '', NULL),
(2153, '1', '2', 2, 45, '2021-08-20', 33, 8, '', NULL),
(2154, '1', '2', 1, 45, '2021-08-20', 34, 8, '', NULL),
(2155, '1', '2', 4, 45, '2021-08-20', 16, 8, '', NULL),
(2156, '5', '5', 1, 60, '2021-08-20', 82, 8, '', NULL),
(2157, '1', '1', 1, 60, '2021-08-20', 28, 8, '', NULL),
(2158, '6', '7', 1, 60, '2021-08-20', 28, 8, '', NULL),
(2159, '5', '5', 4, 45, '2021-08-20', 18, 8, '', NULL),
(2160, '6', '7', 1, 60, '2021-08-20', 18, 8, '', NULL),
(2161, '5', '5', 1, 45, '2021-08-20', 19, 8, '', NULL),
(2162, '4', '3', 1, 60, '2021-08-20', 86, 8, '', NULL),
(2163, '6', '7', 1, 60, '2021-08-20', 37, 8, '', NULL),
(2164, '5', '5', 1, 45, '2021-08-20', 55, 8, '', NULL),
(2165, '6', '8', 1, 60, '2021-08-20', 67, 8, '', NULL),
(2166, '4', '4', 1, 60, '2021-08-20', 67, 8, '', NULL),
(2167, '5', '6', 1, 90, '2021-08-20', 43, 8, '', NULL),
(2168, '1', '2', 1, 45, '2021-08-21', 51, 8, '', NULL),
(2169, '7', '9', 1, 60, '2021-08-21', 22, 8, '', NULL),
(2170, '1', '2', 8, 45, '2021-08-21', 80, 8, 'Actualizado por Lourdes Andrea Torres Padilla', NULL),
(2171, '7', '10', 1, 60, '2021-08-21', 23, 8, '', NULL),
(2172, '6', '8', 1, 60, '2021-08-21', 23, 8, '', NULL),
(2173, '5', '6', 1, 60, '2021-08-21', 23, 8, '', NULL),
(2174, '5', '6', 1, 90, '2021-08-21', 23, 8, '', NULL),
(2175, '8', '12', 1, 90, '2021-08-21', 71, 8, '', NULL),
(2176, '1', '2', 1, 45, '2021-08-21', 71, 8, '', NULL),
(2177, '1', '1', 1, 45, '2021-08-21', 27, 8, '', NULL),
(2178, '1', '2', 2, 45, '2021-08-21', 27, 8, '', NULL),
(2179, '1', '2', 2, 45, '2021-08-21', 21, 8, '', NULL),
(2180, '4', '4', 1, 60, '2021-08-21', 21, 8, '', NULL),
(2181, '1', '2', 2, 45, '2021-08-21', 39, 8, '', NULL),
(2182, '6', '8', 1, 60, '2021-08-21', 49, 8, '', NULL),
(2183, '5', '6', 1, 90, '2021-08-21', 49, 8, '', NULL),
(2184, '6', '8', 1, 60, '2021-08-21', 24, 8, '', NULL),
(2185, '1', '2', 1, 45, '2021-08-21', 35, 8, '', NULL),
(2186, '6', '8', 1, 60, '2021-08-21', 32, 8, '', NULL),
(2187, '5', '6', 1, 60, '2021-08-21', 32, 8, '', NULL),
(2188, '1', '1', 1, 60, '2021-08-21', 74, 8, '', NULL),
(2189, '1', '2', 2, 45, '2021-08-21', 40, 8, '', NULL),
(2190, '1', '2', 5, 45, '2021-08-21', 25, 8, '', NULL),
(2191, '7', '9', 1, 60, '2021-08-21', 25, 8, '', NULL),
(2192, '7', '9', 1, 60, '2021-08-21', 29, 8, '', NULL),
(2193, '1', '1', 1, 60, '2021-08-21', 38, 8, '', NULL),
(2194, '1', '2', 2, 45, '2021-08-21', 33, 8, '', NULL),
(2195, '1', '2', 1, 45, '2021-08-21', 34, 8, '', NULL),
(2196, '4', '4', 1, 60, '2021-08-21', 34, 8, '', NULL),
(2197, '7', '10', 1, 60, '2021-08-21', 34, 8, '', NULL),
(2198, '1', '1', 2, 60, '2021-08-21', 28, 8, '', NULL),
(2199, '5', '5', 1, 60, '2021-08-21', 20, 8, '', NULL),
(2200, '4', '3', 1, 60, '2021-08-21', 19, 8, '', NULL),
(2201, '1', '1', 1, 60, '2021-08-21', 90, 8, '', NULL),
(2202, '4', '3', 1, 60, '2021-08-21', 37, 8, '', NULL),
(2203, '4', '4', 1, 60, '2021-08-21', 68, 8, '', NULL),
(2204, '1', '1', 1, 60, '2021-08-21', 43, 8, '', NULL),
(2205, '1', '2', 1, 45, '2021-08-21', 43, 8, '', NULL),
(2206, '1', '1', 1, 60, '2021-08-21', 91, 8, '', NULL),
(2207, '1', '2', 2, 45, '2021-08-22', 80, 8, '', NULL),
(2208, '1', '1', 1, 60, '2021-08-22', 80, 8, '', NULL),
(2209, '1', '2', 1, 60, '2021-08-22', 23, 8, '', NULL),
(2210, '5', '6', 2, 60, '2021-08-22', 23, 8, '', NULL),
(2211, '4', '4', 1, 60, '2021-08-22', 23, 8, '', NULL),
(2212, '1', '2', 2, 45, '2021-08-22', 71, 8, '', NULL),
(2213, '1', '2', 1, 45, '2021-08-22', 27, 8, '', NULL),
(2214, '1', '2', 3, 45, '2021-08-22', 21, 8, '', NULL),
(2215, '4', '4', 1, 60, '2021-08-22', 24, 8, '', NULL),
(2216, '5', '6', 1, 60, '2021-08-22', 32, 8, '', NULL),
(2217, '4', '3', 1, 60, '2021-08-22', 74, 8, '', NULL),
(2218, '1', '1', 1, 45, '2021-08-22', 25, 8, '', NULL),
(2219, '1', '2', 1, 45, '2021-08-22', 72, 8, '', NULL),
(2220, '1', '1', 1, 60, '2021-08-22', 28, 8, '', NULL),
(2221, '4', '3', 1, 60, '2021-08-22', 50, 8, '', NULL),
(2222, '1', '2', 2, 45, '2021-08-23', 22, 8, '', NULL),
(2223, '1', '2', 2, 45, '2021-08-23', 71, 8, '', NULL),
(2224, '1', '2', 1, 60, '2021-08-23', 71, 8, '', NULL),
(2225, '5', '6', 1, 90, '2021-08-23', 49, 8, '', NULL),
(2226, '1', '2', 1, 45, '2021-08-23', 45, 8, '', NULL),
(2227, '1', '2', 1, 45, '2021-08-23', 69, 8, '', NULL),
(2228, '5', '6', 1, 60, '2021-08-23', 24, 8, '', NULL),
(2229, '1', '2', 1, 60, '2021-08-23', 26, 8, '', NULL),
(2230, '1', '2', 1, 45, '2021-08-23', 26, 8, '', NULL),
(2231, '5', '5', 1, 45, '2021-08-23', 26, 8, '', NULL),
(2232, '1', '2', 1, 60, '2021-08-23', 40, 8, '', NULL),
(2233, '1', '2', 1, 45, '2021-08-23', 52, 8, '', NULL),
(2234, '1', '2', 1, 45, '2021-08-23', 25, 8, '', NULL),
(2235, '1', '2', 3, 45, '2021-08-23', 16, 8, '', NULL),
(2236, '5', '5', 1, 60, '2021-08-23', 82, 8, '', NULL),
(2237, '5', '5', 2, 45, '2021-08-23', 18, 8, 'Actualizado por Lourdes Andrea Torres Padilla', NULL),
(2238, '5', '5', 1, 45, '2021-08-23', 90, 8, '', NULL),
(2240, '5', '5', 1, 60, '2021-08-23', 55, 8, '', NULL),
(2241, '4', '4', 1, 60, '2021-08-23', 67, 8, '', NULL),
(2242, '1', '2', 1, 45, '2021-08-23', 67, 8, '', NULL),
(2243, '5', '6', 1, 60, '2021-08-24', 22, 8, '', NULL),
(2244, '1', '2', 4, 45, '2021-08-24', 22, 8, 'Actualizado por Lourdes Andrea Torres Padilla', NULL),
(2245, '1', '2', 7, 45, '2021-08-24', 80, 8, '', NULL),
(2246, '1', '2', 2, 45, '2021-08-24', 71, 8, '', NULL),
(2247, '5', '6', 1, 90, '2021-08-24', 66, 8, '', NULL),
(2248, '1', '2', 1, 45, '2021-08-24', 21, 8, '', NULL),
(2249, '1', '2', 1, 60, '2021-08-24', 39, 8, '', NULL),
(2250, '1', '2', 1, 45, '2021-08-24', 56, 8, '', NULL),
(2251, '1', '2', 1, 60, '2021-08-24', 56, 8, 'Actualizado por Lourdes Andrea Torres Padilla', NULL),
(2252, '5', '6', 1, 60, '2021-08-24', 81, 8, '', NULL),
(2253, '4', '4', 1, 60, '2021-08-24', 81, 8, '', NULL),
(2254, '5', '6', 1, 60, '2021-08-24', 24, 8, '', NULL),
(2255, '6', '8', 1, 60, '2021-08-24', 24, 8, '', NULL),
(2256, '1', '2', 1, 45, '2021-08-24', 26, 8, '', NULL),
(2257, '5', '5', 1, 60, '2021-08-24', 26, 8, '', NULL),
(2258, '5', '6', 1, 60, '2021-08-24', 64, 8, '', NULL),
(2259, '4', '4', 1, 60, '2021-08-24', 85, 8, '', NULL),
(2260, '5', '6', 1, 60, '2021-08-24', 85, 8, '', NULL),
(2261, '1', '2', 4, 45, '2021-08-24', 25, 8, '', NULL),
(2262, '1', '2', 2, 45, '2021-08-24', 29, 8, '', NULL),
(2263, '1', '2', 2, 60, '2021-08-24', 29, 8, '', NULL),
(2264, '1', '2', 2, 45, '2021-08-24', 33, 8, '', NULL),
(2265, '5', '5', 1, 45, '2021-08-24', 28, 8, '', NULL),
(2266, '1', '1', 1, 45, '2021-08-24', 28, 8, '', NULL),
(2267, '5', '5', 1, 60, '2021-08-24', 28, 8, '', NULL),
(2268, '5', '5', 2, 60, '2021-08-24', 19, 8, '', NULL),
(2269, '5', '5', 2, 60, '2021-08-24', 47, 8, '', NULL),
(2270, '5', '5', 1, 60, '2021-08-24', 55, 8, '', NULL),
(2271, '5', '6', 1, 90, '2021-08-24', 90, 8, '', NULL),
(2272, '1', '2', 1, 45, '2021-08-25', 22, 8, '', NULL),
(2273, '5', '5', 1, 60, '2021-08-25', 22, 8, '', NULL),
(2274, '1', '2', 2, 45, '2021-08-25', 80, 8, '', NULL),
(2275, '5', '6', 1, 60, '2021-08-25', 23, 8, '', NULL),
(2276, '1', '2', 2, 60, '2021-08-25', 23, 8, '', NULL),
(2277, '1', '2', 2, 60, '2021-08-25', 23, 8, '', NULL),
(2278, '1', '2', 5, 45, '2021-08-25', 71, 8, '', NULL),
(2279, '1', '2', 1, 60, '2021-08-25', 56, 8, '', NULL),
(2280, '5', '6', 2, 60, '2021-08-25', 69, 8, '', NULL),
(2281, '1', '2', 4, 45, '2021-08-25', 24, 8, '', NULL),
(2282, '5', '6', 1, 60, '2021-08-25', 24, 8, '', NULL),
(2283, '6', '8', 1, 60, '2021-08-25', 31, 8, '', NULL),
(2284, '1', '2', 2, 60, '2021-08-25', 31, 8, '', NULL),
(2285, '1', '2', 1, 45, '2021-08-25', 26, 8, '', NULL),
(2286, '1', '2', 1, 60, '2021-08-25', 26, 8, '', NULL),
(2287, '1', '2', 2, 45, '2021-08-25', 42, 8, '', NULL),
(2288, '5', '5', 1, 60, '2021-08-25', 42, 8, '', NULL),
(2289, '5', '6', 1, 90, '2021-08-25', 64, 8, '', NULL),
(2290, '5', '6', 1, 60, '2021-08-25', 85, 8, '', NULL),
(2291, '1', '2', 1, 45, '2021-08-25', 25, 8, '', NULL),
(2292, '6', '7', 1, 60, '2021-08-25', 29, 8, '', NULL),
(2293, '1', '2', 2, 45, '2021-08-25', 53, 8, '', NULL),
(2294, '4', '4', 1, 60, '2021-08-25', 34, 8, '', NULL),
(2295, '6', '8', 1, 60, '2021-08-25', 34, 8, '', NULL),
(2296, '5', '6', 1, 60, '2021-08-25', 34, 8, '', NULL),
(2297, '1', '2', 4, 45, '2021-08-25', 16, 8, 'Actualizado por Lourdes Andrea Torres Padilla', NULL),
(2298, '5', '5', 1, 60, '2021-08-25', 28, 8, '', NULL),
(2299, '6', '7', 1, 60, '2021-08-25', 28, 8, '', NULL),
(2300, '5', '5', 1, 60, '2021-08-25', 18, 8, '', NULL),
(2301, '6', '7', 1, 60, '2021-08-25', 37, 8, '', NULL),
(2302, '1', '2', 1, 45, '2021-08-26', 51, 8, '', NULL),
(2303, '1', '2', 3, 45, '2021-08-26', 22, 8, '', NULL),
(2304, '6', '7', 1, 60, '2021-08-26', 22, 8, '', NULL),
(2305, '1', '2', 2, 45, '2021-08-26', 30, 8, '', NULL),
(2306, '5', '6', 2, 90, '2021-08-26', 30, 8, '', NULL),
(2307, '1', '2', 7, 45, '2021-08-26', 71, 8, '', NULL),
(2308, '1', '2', 1, 45, '2021-08-26', 21, 8, '', NULL),
(2309, '1', '2', 3, 45, '2021-08-25', 39, 8, '', NULL),
(2310, '5', '6', 1, 60, '2021-08-26', 81, 8, '', NULL),
(2312, '1', '2', 1, 45, '2021-08-26', 69, 8, '', NULL),
(2313, '1', '2', 2, 45, '2021-08-26', 24, 8, '', NULL),
(2314, '6', '8', 2, 60, '2021-08-26', 24, 8, '', NULL),
(2315, '1', '2', 1, 45, '2021-08-25', 35, 8, '', NULL),
(2316, '7', '10', 1, 60, '2021-08-26', 31, 8, '', NULL),
(2317, '5', '5', 1, 45, '2021-08-26', 42, 8, '', NULL),
(2318, '6', '7', 1, 60, '2021-08-26', 42, 8, 'Actualizado por Lourdes Andrea Torres Padilla', NULL),
(2319, '6', '7', 1, 60, '2021-08-26', 65, 8, '', NULL),
(2320, '4', '4', 1, 60, '2021-08-26', 65, 8, '', NULL),
(2321, '4', '3', 1, 60, '2021-08-26', 88, 8, '', NULL),
(2322, '1', '2', 1, 45, '2021-08-26', 25, 8, '', NULL),
(2323, '1', '2', 1, 60, '2021-08-26', 25, 8, '', NULL),
(2324, '6', '7', 1, 60, '2021-08-26', 25, 8, '', NULL),
(2325, '1', '2', 1, 45, '2021-08-26', 29, 8, '', NULL),
(2326, '1', '2', 1, 60, '2021-08-26', 29, 8, '', NULL),
(2327, '5', '5', 2, 60, '2021-08-26', 29, 8, '', NULL),
(2328, '1', '2', 2, 45, '2021-08-26', 53, 8, '', NULL),
(2329, '1', '2', 2, 45, '2021-08-26', 33, 8, '', NULL),
(2330, '1', '2', 1, 45, '2021-08-26', 16, 8, '', NULL),
(2331, '5', '5', 1, 45, '2021-08-26', 28, 8, '', NULL),
(2332, '5', '5', 1, 60, '2021-08-26', 28, 8, '', NULL),
(2333, '6', '7', 1, 60, '2021-08-26', 28, 8, '', NULL),
(2334, '5', '5', 1, 60, '2021-08-26', 90, 8, '', NULL),
(2335, '5', '6', 1, 60, '2021-08-26', 90, 8, '', NULL),
(2336, '5', '6', 1, 60, '2021-08-26', 37, 8, '', NULL),
(2337, '6', '7', 1, 60, '2021-08-26', 83, 8, 'Actualizado por Lourdes Andrea Torres Padilla', NULL),
(2338, '5', '6', 1, 90, '2021-08-26', 68, 8, '', NULL),
(2339, '6', '8', 1, 60, '2021-08-26', 68, 8, '', NULL),
(2340, '4', '4', 1, 60, '2021-08-26', 84, 8, '', NULL),
(2341, '5', '6', 1, 60, '2021-08-26', 84, 8, '', NULL),
(2342, '6', '8', 1, 60, '2021-08-26', 84, 8, '', NULL),
(2343, '1', '2', 1, 45, '2021-08-27', 51, 8, '', NULL),
(2344, '5', '5', 1, 60, '2021-08-27', 22, 8, '', NULL),
(2345, '6', '7', 1, 60, '2021-08-27', 22, 8, '', NULL),
(2346, '1', '2', 3, 45, '2021-08-27', 80, 8, '', NULL),
(2347, '1', '2', 1, 60, '2021-08-27', 80, 8, '', NULL),
(2348, '1', '2', 2, 45, '2021-08-27', 71, 8, '', NULL),
(2349, '1', '2', 1, 60, '2021-08-27', 71, 8, '', NULL),
(2350, '1', '2', 2, 45, '2021-08-27', 45, 8, '', NULL),
(2351, '1', '2', 2, 45, '2021-08-27', 24, 8, '', NULL),
(2352, '5', '6', 1, 60, '2021-08-27', 24, 8, '', NULL),
(2353, '4', '4', 1, 60, '2021-08-27', 24, 8, '', NULL),
(2354, '6', '8', 1, 60, '2021-08-27', 32, 8, '', NULL),
(2358, '5', '6', 1, 60, '2021-08-27', 85, 8, '', NULL),
(2359, '1', '2', 2, 45, '2021-08-27', 40, 8, '', NULL),
(2360, '1', '2', 1, 60, '2021-08-27', 40, 8, '', NULL),
(2361, '1', '2', 5, 45, '2021-08-27', 25, 8, '', NULL),
(2362, '5', '5', 1, 45, '2021-08-27', 29, 8, '', NULL),
(2363, '5', '6', 1, 90, '2021-08-27', 29, 8, 'Actualizado por Lourdes Andrea Torres Padilla', NULL),
(2364, '6', '7', 1, 60, '2021-08-27', 29, 8, '', NULL),
(2365, '1', '2', 2, 45, '2021-08-27', 53, 8, '', NULL),
(2366, '1', '2', 2, 45, '2021-08-27', 33, 8, '', NULL),
(2367, '1', '2', 3, 45, '2021-08-27', 16, 8, 'Actualizado por Lourdes Andrea Torres Padilla', NULL),
(2368, '5', '5', 1, 60, '2021-08-27', 82, 8, '', NULL),
(2369, '1', '1', 1, 60, '2021-08-27', 28, 8, '', NULL),
(2370, '6', '7', 1, 60, '2021-08-27', 28, 8, '', NULL),
(2371, '5', '5', 4, 45, '2021-08-27', 18, 8, '', NULL),
(2372, '6', '7', 1, 60, '2021-08-27', 18, 8, '', NULL),
(2373, '5', '5', 1, 45, '2021-08-27', 19, 8, '', NULL),
(2374, '4', '3', 1, 60, '2021-08-27', 86, 8, '', NULL),
(2375, '6', '7', 1, 60, '2021-08-27', 37, 8, '', NULL),
(2376, '5', '5', 1, 45, '2021-08-27', 55, 8, '', NULL),
(2377, '6', '8', 1, 60, '2021-08-27', 67, 8, '', NULL),
(2378, '4', '4', 1, 60, '2021-08-27', 67, 8, '', NULL),
(2379, '1', '2', 1, 45, '2021-08-27', 15, 8, '', NULL),
(2380, '1', '2', 2, 45, '2021-08-28', 51, 8, '', NULL),
(2381, '1', '2', 1, 45, '2021-08-28', 22, 8, '', NULL),
(2382, '7', '9', 1, 60, '2021-08-28', 22, 8, '', NULL),
(2383, '1', '2', 10, 45, '2021-08-28', 80, 8, 'Actualizado por Lourdes Andrea Torres Padilla', NULL),
(2384, '7', '10', 1, 60, '2021-08-28', 23, 8, '', NULL),
(2385, '6', '8', 1, 60, '2021-08-28', 23, 8, '', NULL),
(2386, '5', '6', 2, 60, '2021-08-28', 23, 8, '', NULL),
(2387, '8', '12', 1, 90, '2021-08-28', 71, 8, '', NULL),
(2388, '1', '2', 1, 45, '2021-08-28', 71, 8, '', NULL),
(2389, '1', '1', 1, 45, '2021-08-28', 27, 8, '', NULL),
(2390, '1', '2', 2, 45, '2021-08-28', 27, 8, '', NULL),
(2391, '1', '2', 2, 45, '2021-08-28', 21, 8, '', NULL),
(2392, '4', '4', 1, 60, '2021-08-28', 21, 8, '', NULL),
(2393, '1', '2', 1, 45, '2021-08-28', 39, 8, '', NULL),
(2394, '6', '8', 1, 60, '2021-08-28', 49, 8, '', NULL),
(2395, '5', '6', 1, 90, '2021-08-28', 49, 8, '', NULL),
(2396, '4', '4', 1, 60, '2021-08-28', 24, 8, '', NULL),
(2397, '5', '6', 1, 90, '2021-08-28', 92, 8, '', NULL),
(2398, '1', '2', 2, 45, '2021-08-28', 35, 8, '', NULL),
(2399, '5', '6', 1, 60, '2021-08-28', 32, 8, '', NULL),
(2400, '6', '8', 1, 60, '2021-08-28', 32, 8, '', NULL),
(2401, '1', '1', 1, 60, '2021-08-28', 74, 8, '', NULL),
(2402, '1', '2', 1, 45, '2021-08-28', 40, 8, '', NULL),
(2403, '1', '2', 2, 45, '2021-08-28', 25, 8, '', NULL),
(2404, '7', '9', 1, 60, '2021-08-28', 25, 8, '', NULL),
(2405, '1', '2', 2, 45, '2021-08-28', 29, 8, '', NULL),
(2406, '7', '9', 1, 60, '2021-08-28', 29, 8, '', NULL),
(2407, '1', '1', 1, 60, '2021-08-28', 38, 8, '', NULL),
(2408, '1', '2', 3, 45, '2021-08-28', 33, 8, '', NULL),
(2409, '1', '2', 1, 45, '2021-08-28', 34, 8, '', NULL),
(2410, '4', '4', 1, 60, '2021-08-28', 34, 8, '', NULL),
(2411, '7', '10', 1, 60, '2021-08-28', 34, 8, '', NULL),
(2412, '1', '1', 2, 60, '2021-08-28', 28, 8, '', NULL),
(2413, '5', '5', 1, 60, '2021-08-28', 20, 8, '', NULL),
(2414, '4', '3', 1, 60, '2021-08-28', 19, 8, '', NULL),
(2415, '5', '6', 1, 90, '2021-08-28', 90, 8, '', NULL),
(2416, '1', '1', 1, 60, '2021-08-28', 90, 8, '', NULL),
(2417, '4', '3', 1, 60, '2021-08-28', 37, 8, '', NULL),
(2418, '4', '4', 1, 60, '2021-08-28', 68, 8, '', NULL),
(2420, '1', '1', 1, 60, '2021-08-28', 43, 8, '', NULL),
(2421, '1', '2', 2, 45, '2021-08-29', 80, 8, 'Actualizado por Lourdes Andrea Torres Padilla', NULL),
(2422, '1', '1', 1, 60, '2021-08-29', 80, 8, 'Actualizado por Lourdes Andrea Torres Padilla', NULL),
(2423, '5', '6', 2, 60, '2021-08-29', 23, 8, '', NULL),
(2424, '4', '4', 1, 60, '2021-08-29', 23, 8, '', NULL),
(2425, '1', '2', 2, 45, '2021-08-29', 71, 8, '', NULL),
(2426, '1', '2', 2, 45, '2021-08-29', 27, 8, '', NULL),
(2427, '1', '2', 3, 45, '2021-08-29', 21, 8, '', NULL),
(2428, '4', '4', 1, 60, '2021-08-29', 24, 8, '', NULL),
(2429, '1', '2', 1, 45, '2021-08-29', 24, 8, '', NULL),
(2430, '5', '6', 1, 60, '2021-08-29', 32, 8, '', NULL),
(2432, '1', '1', 1, 45, '2021-08-29', 25, 8, '', NULL),
(2433, '1', '2', 1, 45, '2021-08-29', 25, 8, '', NULL),
(2434, '1', '2', 1, 45, '2021-08-29', 72, 8, '', NULL),
(2436, '1', '1', 1, 60, '2021-08-29', 28, 8, '', NULL),
(2437, '4', '3', 1, 60, '2021-08-29', 50, 8, '', NULL),
(2438, '1', '2', 1, 45, '2021-08-27', 34, 8, '', NULL),
(2439, '1', '2', 1, 45, '2021-08-31', 22, 8, '', NULL),
(2440, '5', '6', 1, 60, '2021-08-31', 22, 8, '', NULL),
(2441, '1', '2', 5, 45, '2021-08-31', 80, 8, '', NULL),
(2442, '1', '2', 2, 45, '2021-08-31', 71, 8, '', NULL),
(2443, '5', '6', 1, 90, '2021-08-31', 66, 8, '', NULL),
(2444, '1', '2', 1, 45, '2021-08-31', 21, 8, 'Actualizado por Lourdes Andrea Torres Padilla', NULL),
(2445, '1', '2', 1, 60, '2021-08-31', 39, 8, '', NULL),
(2446, '1', '2', 1, 45, '2021-08-31', 56, 8, '', NULL),
(2447, '5', '6', 1, 60, '2021-08-31', 81, 8, '', NULL),
(2448, '4', '4', 2, 60, '2021-08-31', 81, 8, '', NULL),
(2449, '1', '2', 1, 45, '2021-08-31', 15, 8, '', NULL),
(2450, '1', '2', 1, 45, '2021-08-31', 69, 8, '', NULL),
(2451, '5', '6', 1, 60, '2021-08-31', 24, 8, '', NULL),
(2452, '6', '7', 1, 60, '2021-08-31', 24, 8, 'Actualizado por Lourdes Andrea Torres Padilla', NULL),
(2453, '1', '2', 1, 45, '2021-08-31', 26, 8, '', NULL),
(2454, '5', '5', 1, 60, '2021-08-31', 26, 8, '', NULL),
(2455, '5', '6', 1, 60, '2021-08-31', 64, 8, '', NULL),
(2456, '5', '6', 1, 60, '2021-08-31', 85, 8, '', NULL),
(2457, '4', '4', 1, 60, '2021-08-31', 85, 8, '', NULL),
(2458, '1', '2', 4, 45, '2021-08-31', 25, 8, '', NULL),
(2459, '1', '2', 2, 45, '2021-08-31', 29, 8, '', NULL),
(2460, '1', '2', 1, 60, '2021-08-31', 29, 8, '', NULL),
(2461, '1', '2', 2, 45, '2021-08-31', 33, 8, '', NULL),
(2462, '1', '2', 1, 45, '2021-08-31', 16, 8, '', NULL),
(2463, '5', '5', 1, 45, '2021-08-31', 28, 8, '', NULL),
(2464, '1', '1', 1, 45, '2021-08-31', 28, 8, '', NULL),
(2465, '5', '5', 1, 60, '2021-08-31', 28, 8, '', NULL),
(2466, '5', '5', 2, 60, '2021-08-31', 19, 8, '', NULL),
(2467, '5', '5', 2, 60, '2021-08-31', 47, 8, '', NULL),
(2468, '5', '5', 1, 60, '2021-08-31', 55, 8, '', NULL),
(2469, '1', '2', 4, 45, '2021-09-01', 80, 9, '', NULL),
(2470, '5', '6', 1, 60, '2021-09-01', 23, 9, '', NULL),
(2471, '1', '2', 2, 60, '2021-09-01', 23, 9, '', NULL),
(2472, '1', '2', 4, 45, '2021-09-01', 71, 9, '', NULL),
(2473, '5', '6', 1, 90, '2021-09-01', 69, 9, '', NULL),
(2474, '5', '6', 1, 60, '2021-09-01', 24, 9, '', NULL),
(2475, '1', '2', 4, 45, '2021-09-01', 24, 9, '', NULL),
(2476, '6', '8', 1, 60, '2021-09-01', 31, 9, '', NULL),
(2477, '1', '2', 1, 60, '2021-09-01', 26, 9, '', NULL),
(2478, '5', '5', 1, 60, '2021-09-01', 42, 9, '', NULL),
(2479, '1', '2', 2, 45, '2021-09-01', 42, 9, '', NULL),
(2480, '5', '6', 1, 90, '2021-09-01', 64, 9, '', NULL),
(2481, '5', '6', 1, 60, '2021-09-01', 85, 9, '', NULL),
(2482, '1', '2', 1, 45, '2021-09-01', 25, 9, '', NULL),
(2483, '6', '7', 1, 60, '2021-09-01', 29, 9, '', NULL),
(2484, '1', '2', 2, 45, '2021-09-01', 53, 9, '', NULL),
(2485, '4', '4', 1, 60, '2021-09-01', 34, 9, '', NULL),
(2486, '6', '8', 1, 60, '2021-09-01', 34, 9, '', NULL),
(2487, '5', '6', 1, 90, '2021-09-01', 34, 9, '', NULL),
(2488, '1', '2', 4, 45, '2021-09-01', 16, 9, '', NULL),
(2489, '5', '5', 1, 60, '2021-09-01', 28, 9, '', NULL),
(2490, '6', '7', 1, 60, '2021-09-01', 28, 9, '', NULL),
(2491, '5', '5', 1, 60, '2021-09-01', 18, 9, '', NULL),
(2492, '6', '7', 1, 60, '2021-09-01', 37, 9, '', NULL),
(2493, '1', '2', 1, 45, '2021-09-06', 51, 9, '', NULL),
(2494, '1', '2', 3, 45, '2021-09-02', 22, 9, '', NULL),
(2495, '6', '7', 1, 60, '2021-09-02', 22, 9, '', NULL),
(2496, '1', '2', 3, 45, '2021-09-02', 30, 9, '', NULL),
(2497, '5', '6', 2, 90, '2021-09-02', 30, 9, '', NULL),
(2498, '1', '2', 6, 45, '2021-09-02', 71, 9, '', NULL),
(2499, '1', '2', 3, 45, '2021-09-02', 39, 9, '', NULL),
(2500, '1', '2', 3, 45, '2021-09-02', 24, 9, '', NULL),
(2501, '6', '8', 1, 60, '2021-09-02', 24, 9, '', NULL),
(2502, '7', '10', 1, 60, '2021-09-02', 31, 9, '', NULL),
(2503, '5', '5', 1, 45, '2021-09-02', 42, 9, '', NULL),
(2504, '6', '7', 1, 60, '2021-09-02', 42, 9, '', NULL),
(2505, '6', '7', 1, 60, '2021-09-02', 65, 9, '', NULL),
(2506, '4', '4', 1, 60, '2021-09-02', 65, 9, '', NULL),
(2507, '4', '3', 1, 60, '2021-09-02', 88, 9, '', NULL),
(2508, '1', '2', 2, 45, '2021-09-02', 25, 9, '', NULL),
(2509, '6', '7', 1, 60, '2021-09-02', 25, 9, '', NULL),
(2510, '1', '2', 1, 60, '2021-09-02', 29, 9, '', NULL),
(2511, '1', '2', 1, 45, '2021-09-02', 29, 9, '', NULL),
(2512, '1', '2', 2, 45, '2021-09-02', 53, 9, '', NULL),
(2513, '1', '2', 2, 45, '2021-09-02', 33, 9, '', NULL),
(2514, '1', '2', 1, 60, '2021-09-02', 16, 9, '', NULL),
(2515, '5', '5', 1, 45, '2021-09-02', 28, 9, '', NULL),
(2516, '5', '5', 1, 60, '2021-09-02', 28, 9, '', NULL),
(2517, '6', '7', 1, 60, '2021-09-02', 28, 9, '', NULL),
(2518, '5', '5', 1, 60, '2021-09-02', 90, 9, 'Actualizado por Lourdes Andrea Torres Padilla', NULL),
(2519, '5', '6', 1, 60, '2021-09-02', 90, 9, '', NULL),
(2520, '5', '5', 1, 60, '2021-09-02', 37, 9, '', NULL),
(2521, '6', '7', 1, 60, '2021-09-02', 83, 9, '', NULL),
(2522, '5', '6', 1, 90, '2021-09-02', 68, 9, '', NULL),
(2523, '6', '8', 1, 60, '2021-09-02', 68, 9, '', NULL),
(2524, '4', '4', 1, 60, '2021-09-02', 84, 9, '', NULL),
(2525, '5', '6', 1, 60, '2021-09-02', 84, 9, '', NULL),
(2526, '6', '8', 1, 60, '2021-09-02', 84, 9, '', NULL),
(2527, '1', '2', 1, 45, '2021-09-03', 51, 9, '', NULL),
(2528, '5', '6', 1, 60, '2021-09-03', 22, 9, '', NULL),
(2529, '6', '7', 1, 60, '2021-09-03', 22, 9, '', NULL),
(2530, '1', '2', 1, 45, '2021-09-03', 22, 9, '', NULL),
(2531, '1', '2', 3, 45, '2021-09-03', 80, 9, '', NULL),
(2532, '1', '2', 1, 60, '2021-09-03', 80, 9, '', NULL),
(2533, '1', '2', 2, 45, '2021-09-03', 71, 9, '', NULL),
(2534, '1', '2', 1, 60, '2021-09-03', 71, 9, '', NULL),
(2535, '1', '2', 2, 45, '2021-09-03', 45, 9, '', NULL),
(2536, '6', '8', 1, 60, '2021-09-03', 32, 9, '', NULL),
(2537, '5', '6', 1, 60, '2021-09-03', 24, 9, '', NULL),
(2538, '1', '2', 2, 45, '2021-09-03', 24, 9, '', NULL),
(2539, '4', '4', 1, 60, '2021-09-03', 24, 9, '', NULL),
(2540, '1', '1', 1, 60, '2021-09-03', 42, 6, '', NULL),
(2541, '5', '5', 2, 60, '2021-09-03', 42, 6, '', NULL),
(2542, '5', '6', 1, 60, '2021-09-03', 85, 9, '', NULL),
(2543, '6', '7', 1, 60, '2021-09-03', 85, 9, '', NULL),
(2544, '1', '2', 2, 45, '2021-09-03', 40, 9, '', NULL),
(2545, '1', '2', 1, 60, '2021-09-03', 40, 9, '', NULL),
(2546, '1', '2', 3, 45, '2021-09-03', 25, 9, '', NULL),
(2547, '5', '6', 1, 90, '2021-09-03', 29, 9, '', NULL),
(2549, '5', '5', 1, 45, '2021-09-03', 29, 9, '', NULL),
(2550, '6', '7', 1, 60, '2021-09-03', 29, 9, '', NULL),
(2551, '1', '2', 1, 45, '2021-09-03', 53, 9, '', NULL),
(2552, '1', '2', 2, 45, '2021-09-03', 33, 9, '', NULL),
(2553, '1', '2', 1, 60, '2021-09-03', 34, 9, '', NULL),
(2554, '5', '5', 1, 60, '2021-09-03', 82, 9, '', NULL),
(2555, '1', '2', 2, 45, '2021-09-03', 16, 9, '', NULL),
(2556, '1', '1', 1, 60, '2021-09-03', 28, 9, '', NULL),
(2557, '1', '1', 1, 60, '2021-09-03', 28, 9, '', NULL),
(2558, '6', '7', 1, 60, '2021-09-03', 28, 9, '', NULL),
(2559, '5', '5', 4, 45, '2021-09-03', 18, 9, '', NULL),
(2560, '6', '7', 1, 60, '2021-09-03', 18, 9, '', NULL),
(2561, '5', '5', 1, 45, '2021-09-03', 19, 9, '', NULL),
(2562, '4', '3', 1, 60, '2021-09-03', 86, 9, '', NULL),
(2563, '6', '7', 1, 60, '2021-09-03', 37, 9, '', NULL),
(2564, '5', '5', 1, 45, '2021-09-03', 55, 9, '', NULL),
(2565, '1', '2', 1, 45, '2021-09-04', 51, 9, '', NULL),
(2566, '7', '9', 1, 60, '2021-09-04', 22, 9, '', NULL),
(2567, '1', '2', 1, 45, '2021-09-04', 22, 9, '', NULL),
(2568, '1', '2', 10, 45, '2021-09-04', 80, 9, '', NULL),
(2569, '7', '10', 1, 60, '2021-09-04', 23, 9, '', NULL),
(2570, '6', '8', 1, 60, '2021-09-04', 23, 9, '', NULL),
(2571, '5', '6', 1, 60, '2021-09-04', 23, 9, '', NULL),
(2572, '5', '6', 1, 90, '2021-09-04', 23, 9, '', NULL),
(2573, '1', '2', 1, 45, '2021-09-04', 71, 9, '', NULL),
(2574, '1', '1', 1, 45, '2021-09-04', 27, 9, '', NULL),
(2575, '1', '2', 2, 45, '2021-09-04', 27, 9, '', NULL),
(2576, '1', '2', 2, 45, '2021-09-04', 21, 9, '', NULL),
(2577, '4', '4', 1, 60, '2021-09-04', 21, 9, '', NULL),
(2578, '6', '8', 2, 60, '2021-09-04', 49, 9, '', NULL),
(2579, '5', '6', 1, 90, '2021-09-04', 49, 9, '', NULL),
(2580, '4', '4', 1, 60, '2021-09-04', 24, 9, '', NULL),
(2581, '8', '12', 3, 45, '2021-09-04', 35, 9, '', NULL),
(2582, '6', '8', 1, 60, '2021-09-04', 32, 9, '', NULL),
(2583, '5', '6', 1, 60, '2021-09-04', 32, 9, '', NULL),
(2584, '1', '1', 1, 60, '2021-09-04', 74, 9, '', NULL),
(2585, '1', '2', 2, 45, '2021-09-04', 40, 9, '', NULL),
(2586, '8', '12', 2, 45, '2021-09-04', 25, 9, '', NULL),
(2587, '7', '10', 1, 60, '2021-09-04', 25, 9, '', NULL),
(2588, '7', '9', 1, 60, '2021-09-04', 29, 9, '', NULL),
(2589, '1', '2', 1, 45, '2021-09-04', 29, 9, '', NULL),
(2590, '1', '1', 1, 60, '2021-09-04', 91, 9, '', NULL),
(2591, '1', '2', 1, 60, '2021-09-04', 38, 9, '', NULL),
(2592, '1', '2', 2, 45, '2021-09-04', 33, 9, '', NULL),
(2593, '1', '2', 1, 45, '2021-09-04', 34, 9, '', NULL),
(2594, '4', '4', 1, 60, '2021-09-04', 34, 9, '', NULL),
(2595, '7', '10', 1, 60, '2021-09-04', 34, 9, '', NULL),
(2596, '1', '1', 1, 60, '2021-09-04', 28, 9, '', NULL),
(2597, '1', '1', 1, 45, '2021-09-04', 28, 9, '', NULL),
(2598, '5', '5', 1, 60, '2021-09-04', 20, 9, '', NULL),
(2599, '4', '3', 1, 60, '2021-09-04', 19, 9, '', NULL),
(2600, '1', '1', 1, 60, '2021-09-04', 90, 9, '', NULL),
(2601, '5', '6', 1, 90, '2021-09-04', 90, 9, '', NULL),
(2602, '4', '3', 1, 60, '2021-09-04', 37, 9, '', NULL),
(2603, '4', '4', 1, 60, '2021-09-04', 68, 9, 'Actualizado por Lourdes Andrea Torres Padilla', NULL),
(2604, '5', '6', 1, 60, '2021-09-04', 43, 9, '', NULL),
(2605, '1', '1', 1, 45, '2021-09-04', 43, 9, '', NULL),
(2606, '1', '2', 1, 45, '2021-09-04', 39, 9, '', NULL),
(2607, '1', '2', 1, 45, '2021-09-05', 80, 9, '', NULL),
(2608, '1', '2', 1, 60, '2021-09-05', 80, 9, '', NULL),
(2609, '1', '1', 1, 45, '2021-09-05', 80, 9, '', NULL),
(2610, '5', '6', 2, 60, '2021-09-05', 23, 9, 'Actualizado por Lourdes Andrea Torres Padilla', NULL),
(2611, '4', '4', 1, 60, '2021-09-05', 23, 9, '', NULL),
(2612, '1', '2', 1, 45, '2021-09-05', 71, 9, '', NULL),
(2613, '1', '2', 1, 45, '2021-09-05', 27, 9, '', NULL),
(2614, '1', '2', 3, 45, '2021-09-05', 21, 9, '', NULL),
(2615, '4', '4', 1, 60, '2021-09-05', 24, 9, '', NULL),
(2616, '1', '2', 1, 45, '2021-09-05', 24, 9, '', NULL),
(2617, '5', '6', 1, 60, '2021-09-05', 32, 9, '', NULL),
(2618, '4', '3', 1, 60, '2021-09-05', 74, 9, '', NULL),
(2619, '1', '1', 1, 45, '2021-09-05', 25, 9, '', NULL),
(2620, '1', '2', 1, 45, '2021-09-05', 25, 9, '', NULL),
(2621, '1', '2', 1, 45, '2021-09-05', 72, 9, '', NULL),
(2622, '1', '2', 1, 45, '2021-09-05', 34, 9, '', NULL),
(2623, '1', '1', 1, 60, '2021-09-05', 28, 9, '', NULL),
(2624, '4', '3', 1, 60, '2021-09-05', 50, 9, '', NULL),
(2625, '1', '2', 1, 45, '2021-09-06', 51, 9, '', NULL),
(2626, '1', '2', 1, 45, '2021-09-06', 22, 9, '', NULL),
(2627, '1', '2', 1, 60, '2021-09-06', 30, 9, '', NULL),
(2628, '1', '2', 1, 60, '2021-09-06', 71, 9, '', NULL),
(2629, '1', '2', 2, 45, '2021-09-06', 71, 9, '', NULL),
(2630, '5', '6', 1, 90, '2021-09-06', 49, 9, '', NULL),
(2631, '1', '2', 2, 45, '2021-09-06', 93, 9, '', NULL),
(2632, '1', '2', 1, 45, '2021-09-06', 69, 9, '', NULL),
(2633, '5', '6', 1, 60, '2021-09-06', 24, 9, '', NULL),
(2634, '1', '2', 1, 45, '2021-09-06', 26, 9, '', NULL),
(2635, '1', '2', 1, 45, '2021-09-06', 26, 9, '', NULL),
(2636, '5', '5', 1, 45, '2021-09-06', 26, 9, '', NULL),
(2637, '5', '6', 1, 90, '2021-09-06', 92, 9, '', NULL),
(2638, '1', '2', 1, 60, '2021-09-06', 40, 9, '', NULL),
(2639, '1', '2', 1, 45, '2021-09-06', 52, 9, '', NULL),
(2640, '1', '2', 1, 45, '2021-09-06', 25, 9, '', NULL),
(2641, '1', '2', 2, 45, '2021-09-06', 16, 9, '', NULL),
(2642, '5', '5', 1, 60, '2021-09-06', 82, 9, '', NULL),
(2643, '5', '5', 2, 45, '2021-09-06', 18, 9, '', NULL),
(2644, '5', '5', 1, 45, '2021-09-06', 90, 9, '', NULL),
(2645, '5', '5', 1, 45, '2021-09-06', 37, 9, '', NULL),
(2646, '5', '5', 1, 60, '2021-09-06', 55, 9, '', NULL),
(2647, '1', '2', 2, 45, '2021-09-07', 22, 9, '', NULL),
(2648, '5', '6', 1, 60, '2021-09-07', 22, 9, '', NULL),
(2649, '1', '2', 5, 45, '2021-09-07', 80, 9, '', NULL),
(2650, '1', '2', 2, 45, '2021-09-07', 71, 9, '', NULL),
(2651, '1', '2', 1, 45, '2021-09-07', 21, 9, '', NULL),
(2652, '1', '2', 1, 45, '2021-09-07', 56, 9, '', NULL),
(2653, '1', '2', 1, 60, '2021-09-07', 56, 9, '', NULL),
(2654, '5', '6', 1, 60, '2021-09-07', 81, 9, '', NULL),
(2655, '4', '4', 2, 60, '2021-09-07', 81, 9, '', NULL),
(2656, '1', '2', 1, 45, '2021-09-07', 69, 9, '', NULL),
(2657, '5', '6', 1, 60, '2021-09-07', 24, 9, '', NULL),
(2658, '6', '8', 1, 60, '2021-09-07', 24, 9, '', NULL),
(2659, '1', '2', 1, 45, '2021-09-07', 26, 9, '', NULL),
(2660, '5', '5', 1, 60, '2021-09-07', 26, 9, '', NULL),
(2661, '5', '6', 1, 60, '2021-09-07', 64, 9, '', NULL),
(2662, '4', '4', 1, 60, '2021-09-07', 85, 9, '', NULL),
(2663, '5', '6', 1, 60, '2021-09-07', 85, 9, '', NULL),
(2664, '1', '2', 4, 45, '2021-09-07', 25, 9, '', NULL),
(2665, '1', '2', 4, 45, '2021-09-07', 29, 9, '', NULL),
(2666, '1', '2', 2, 45, '2021-09-07', 33, 9, '', NULL),
(2667, '1', '2', 1, 45, '2021-09-07', 16, 9, '', NULL),
(2668, '5', '5', 1, 45, '2021-09-07', 28, 9, '', NULL),
(2669, '1', '1', 1, 45, '2021-09-07', 28, 9, '', NULL),
(2670, '5', '5', 1, 60, '2021-09-07', 28, 9, '', NULL),
(2671, '5', '5', 2, 60, '2021-09-07', 19, 9, '', NULL),
(2672, '5', '5', 2, 60, '2021-09-07', 47, 9, '', NULL),
(2673, '5', '5', 1, 60, '2021-09-07', 55, 9, '', NULL),
(2674, '1', '2', 2, 45, '2021-09-07', 39, 9, '', NULL),
(2675, '5', '5', 1, 60, '2021-09-08', 22, 9, '', NULL),
(2676, '1', '2', 4, 45, '2021-09-08', 80, 9, '', NULL),
(2677, '1', '2', 2, 60, '2021-09-08', 23, 9, '', NULL),
(2678, '1', '2', 1, 60, '2021-09-08', 23, 9, '', NULL),
(2679, '5', '6', 1, 60, '2021-09-08', 23, 9, '', NULL),
(2680, '5', '6', 1, 90, '2021-09-08', 23, 9, '', NULL),
(2681, '1', '2', 4, 45, '2021-09-08', 71, 9, '', NULL),
(2682, '1', '2', 1, 45, '2021-09-08', 93, 9, '', NULL),
(2683, '1', '2', 1, 60, '2021-09-08', 56, 9, '', NULL),
(2684, '5', '6', 1, 90, '2021-09-08', 69, 9, '', NULL),
(2685, '1', '2', 5, 45, '2021-09-08', 24, 9, '', NULL),
(2686, '5', '6', 1, 60, '2021-09-08', 24, 9, '', NULL),
(2687, '6', '8', 1, 60, '2021-09-08', 31, 6, '', NULL),
(2688, '7', '10', 1, 60, '2021-09-08', 31, 6, '', NULL),
(2689, '5', '6', 2, 60, '2021-09-08', 31, 6, '', NULL),
(2690, '1', '2', 1, 60, '2021-09-08', 26, 9, '', NULL),
(2691, '1', '2', 2, 45, '2021-09-08', 42, 6, '', NULL),
(2692, '5', '5', 1, 60, '2021-09-08', 42, 6, '', NULL),
(2693, '5', '6', 1, 90, '2021-09-08', 64, 9, '', NULL),
(2694, '5', '6', 1, 60, '2021-09-08', 85, 9, '', NULL),
(2695, '1', '2', 1, 45, '2021-09-08', 25, 6, '', NULL),
(2696, '6', '7', 1, 60, '2021-09-08', 29, 9, '', NULL),
(2697, '1', '2', 2, 45, '2021-09-08', 53, 9, '', NULL),
(2698, '4', '4', 1, 60, '2021-09-08', 34, 9, '', NULL),
(2699, '6', '8', 1, 60, '2021-09-08', 34, 9, '', NULL),
(2700, '5', '6', 1, 90, '2021-09-08', 34, 9, '', NULL),
(2701, '1', '2', 4, 45, '2021-09-08', 16, 9, '', NULL),
(2702, '5', '5', 1, 60, '2021-09-08', 28, 6, '', NULL),
(2703, '6', '7', 1, 60, '2021-09-08', 28, 6, '', NULL),
(2704, '5', '5', 1, 60, '2021-09-08', 28, 9, '', NULL),
(2705, '6', '7', 1, 60, '2021-09-08', 28, 9, '', NULL),
(2706, '5', '5', 1, 60, '2021-09-08', 18, 9, '', NULL),
(2707, '6', '7', 1, 60, '2021-09-08', 37, 9, '', NULL),
(2708, '1', '2', 3, 45, '2021-09-09', 22, 9, '', NULL),
(2709, '6', '7', 1, 60, '2021-09-09', 22, 9, '', NULL),
(2710, '5', '5', 2, 90, '2021-09-09', 30, 9, '', NULL),
(2711, '1', '2', 3, 45, '2021-09-09', 30, 9, '', NULL),
(2712, '1', '2', 5, 45, '2021-09-09', 71, 9, '', NULL),
(2713, '1', '2', 3, 45, '2021-09-09', 39, 9, '', NULL),
(2714, '5', '6', 1, 60, '2021-09-09', 81, 9, '', NULL),
(2715, '1', '2', 1, 45, '2021-09-09', 69, 9, '', NULL),
(2716, '1', '2', 3, 45, '2021-09-09', 24, 9, '', NULL),
(2717, '6', '8', 2, 60, '2021-09-09', 24, 9, '', NULL),
(2718, '5', '5', 1, 45, '2021-09-09', 42, 9, '', NULL),
(2719, '6', '7', 1, 60, '2021-09-09', 42, 9, '', NULL),
(2720, '6', '7', 1, 60, '2021-09-09', 65, 9, '', NULL),
(2721, '4', '4', 1, 60, '2021-09-09', 65, 9, '', NULL),
(2722, '4', '3', 1, 60, '2021-09-09', 88, 9, '', NULL),
(2723, '1', '2', 2, 45, '2021-09-09', 25, 9, '', NULL),
(2724, '6', '7', 1, 60, '2021-09-09', 25, 9, '', NULL),
(2725, '1', '2', 2, 45, '2021-09-09', 53, 9, '', NULL),
(2726, '1', '2', 1, 45, '2021-09-09', 33, 9, '', NULL),
(2727, '1', '2', 1, 45, '2021-09-09', 34, 9, '', NULL),
(2728, '5', '5', 1, 45, '2021-09-09', 28, 6, '', NULL),
(2729, '5', '5', 1, 60, '2021-09-09', 28, 6, '', NULL),
(2730, '6', '7', 1, 60, '2021-09-09', 28, 6, '', NULL),
(2731, '5', '5', 1, 60, '2021-09-09', 90, 9, '', NULL),
(2732, '5', '6', 1, 60, '2021-09-09', 90, 9, '', NULL),
(2733, '5', '5', 1, 60, '2021-09-09', 37, 9, '', NULL),
(2734, '6', '7', 1, 60, '2021-09-09', 83, 9, '', NULL),
(2735, '5', '6', 1, 90, '2021-09-09', 68, 9, '', NULL),
(2736, '6', '8', 1, 60, '2021-09-09', 68, 9, '', NULL),
(2737, '4', '4', 1, 60, '2021-09-09', 84, 9, '', NULL),
(2738, '5', '6', 1, 60, '2021-09-09', 84, 9, '', NULL),
(2739, '6', '8', 1, 60, '2021-09-09', 84, 9, '', NULL),
(2740, '1', '2', 1, 45, '2021-09-10', 51, 9, '', NULL),
(2741, '1', '2', 1, 45, '2021-09-10', 22, 9, '', NULL),
(2742, '6', '7', 1, 60, '2021-09-10', 22, 9, '', NULL),
(2743, '1', '2', 3, 45, '2021-09-10', 80, 9, '', NULL),
(2744, '1', '2', 1, 60, '2021-09-10', 80, 9, '', NULL),
(2745, '1', '2', 1, 45, '2021-09-10', 39, 9, '', NULL),
(2746, '1', '2', 2, 45, '2021-09-10', 45, 9, '', NULL),
(2747, '6', '8', 1, 60, '2021-09-10', 32, 9, '', NULL),
(2748, '5', '6', 1, 60, '2021-09-10', 85, 9, '', NULL),
(2749, '6', '7', 1, 60, '2021-09-10', 85, 9, '', NULL),
(2750, '5', '6', 1, 60, '2021-09-10', 24, 9, '', NULL),
(2751, '1', '2', 1, 45, '2021-09-10', 24, 9, '', NULL),
(2752, '4', '4', 1, 60, '2021-09-10', 24, 9, '', NULL),
(2753, '1', '1', 1, 60, '2021-09-10', 42, 9, '', NULL),
(2754, '1', '2', 1, 45, '2021-09-10', 42, 9, '', NULL),
(2755, '5', '5', 2, 60, '2021-09-10', 42, 9, '', NULL),
(2756, '1', '2', 1, 45, '2021-09-10', 40, 9, '', NULL),
(2757, '1', '2', 4, 45, '2021-09-10', 25, 9, '', NULL),
(2758, '5', '6', 1, 90, '2021-09-10', 29, 9, '', NULL),
(2759, '5', '5', 1, 45, '2021-09-10', 29, 9, '', NULL),
(2760, '6', '7', 1, 60, '2021-09-10', 29, 9, '', NULL),
(2761, '1', '2', 1, 60, '2021-09-10', 29, 9, '', NULL),
(2762, '1', '2', 1, 45, '2021-09-10', 53, 9, '', NULL),
(2763, '1', '2', 2, 45, '2021-09-10', 33, 9, '', NULL),
(2764, '1', '2', 1, 45, '2021-09-10', 34, 9, '', NULL),
(2765, '1', '2', 1, 60, '2021-09-10', 34, 9, '', NULL),
(2766, '1', '2', 2, 45, '2021-09-10', 16, 9, '', NULL),
(2767, '5', '5', 1, 60, '2021-09-10', 82, 9, '', NULL),
(2768, '1', '1', 1, 60, '2021-09-10', 28, 9, '', NULL),
(2769, '6', '7', 1, 60, '2021-09-10', 28, 9, '', NULL),
(2770, '5', '5', 1, 45, '2021-09-10', 19, 9, '', NULL),
(2771, '5', '5', 4, 45, '2021-09-10', 18, 9, '', NULL),
(2772, '6', '7', 1, 60, '2021-09-10', 18, 9, '', NULL),
(2773, '4', '3', 1, 60, '2021-09-10', 86, 9, '', NULL),
(2774, '6', '7', 1, 60, '2021-09-10', 37, 9, '', NULL),
(2775, '5', '5', 1, 45, '2021-09-10', 55, 9, '', NULL),
(2776, '6', '8', 1, 90, '2021-09-10', 67, 9, '', NULL),
(2777, '4', '4', 1, 60, '2021-09-10', 67, 9, '', NULL),
(2778, '1', '2', 2, 45, '2021-09-11', 51, 9, '', NULL),
(2779, '1', '2', 1, 45, '2021-09-11', 22, 9, '', NULL),
(2780, '7', '9', 1, 60, '2021-09-11', 22, 9, '', NULL),
(2781, '1', '2', 10, 45, '2021-09-11', 80, 9, '', NULL),
(2782, '7', '10', 1, 60, '2021-09-11', 23, 9, '', NULL),
(2783, '6', '8', 1, 60, '2021-09-11', 23, 9, '', NULL),
(2784, '5', '6', 1, 60, '2021-09-11', 23, 9, '', NULL),
(2785, '1', '2', 1, 45, '2021-09-11', 93, 9, '', NULL),
(2786, '8', '12', 1, 45, '2021-09-11', 93, 9, '', NULL),
(2787, '1', '1', 1, 45, '2021-09-11', 27, 9, '', NULL);
INSERT INTO `curso` (`id_curso`, `categoria`, `tipo`, `cantidad`, `tiempo`, `fecha`, `id_pro`, `id_mes`, `modificado`, `modo`) VALUES
(2788, '1', '2', 1, 45, '2021-09-11', 27, 9, '', NULL),
(2789, '1', '2', 2, 45, '2021-09-11', 21, 9, '', NULL),
(2790, '4', '4', 1, 60, '2021-09-11', 21, 9, '', NULL),
(2791, '1', '2', 2, 45, '2021-09-11', 39, 9, '', NULL),
(2793, '5', '6', 1, 60, '2021-09-11', 49, 9, 'Actualizado por Lourdes Andrea Torres Padilla', NULL),
(2794, '1', '2', 1, 60, '2021-09-11', 24, 9, '', NULL),
(2795, '8', '12', 3, 45, '2021-09-11', 35, 9, '', NULL),
(2796, '6', '8', 1, 60, '2021-09-11', 32, 9, '', NULL),
(2797, '5', '6', 1, 60, '2021-09-11', 32, 9, '', NULL),
(2798, '1', '1', 1, 60, '2021-09-11', 74, 9, '', NULL),
(2799, '1', '2', 2, 45, '2021-09-11', 40, 9, '', NULL),
(2800, '8', '12', 4, 45, '2021-09-11', 25, 9, '', NULL),
(2801, '7', '9', 1, 60, '2021-09-11', 25, 9, '', NULL),
(2802, '1', '2', 2, 45, '2021-09-11', 29, 9, '', NULL),
(2803, '7', '9', 1, 60, '2021-09-11', 29, 9, '', NULL),
(2804, '1', '1', 1, 60, '2021-09-11', 91, 9, '', NULL),
(2805, '1', '2', 1, 45, '2021-09-11', 72, 9, '', NULL),
(2806, '1', '1', 1, 60, '2021-09-11', 38, 9, '', NULL),
(2807, '1', '2', 2, 45, '2021-09-11', 33, 9, '', NULL),
(2808, '1', '2', 1, 45, '2021-09-11', 34, 9, '', NULL),
(2809, '4', '4', 1, 60, '2021-09-11', 34, 9, '', NULL),
(2810, '7', '10', 1, 60, '2021-09-11', 34, 9, '', NULL),
(2811, '1', '1', 1, 60, '2021-09-11', 28, 9, '', NULL),
(2812, '1', '1', 1, 45, '2021-09-11', 28, 9, '', NULL),
(2814, '4', '3', 1, 60, '2021-09-11', 19, 9, '', NULL),
(2815, '5', '6', 1, 90, '2021-09-11', 90, 9, '', NULL),
(2816, '1', '1', 1, 60, '2021-09-11', 90, 9, '', NULL),
(2817, '4', '3', 1, 60, '2021-09-11', 37, 9, '', NULL),
(2818, '4', '4', 1, 60, '2021-09-11', 68, 9, '', NULL),
(2819, '1', '2', 1, 45, '2021-09-11', 43, 9, '', NULL),
(2820, '5', '6', 1, 60, '2021-09-11', 43, 9, '', NULL),
(2821, '1', '2', 1, 45, '2021-09-12', 80, 9, '', NULL),
(2822, '1', '2', 1, 60, '2021-09-12', 80, 9, '', NULL),
(2823, '1', '1', 1, 45, '2021-09-11', 80, 9, '', NULL),
(2824, '5', '6', 1, 60, '2021-09-12', 23, 9, '', NULL),
(2825, '4', '4', 1, 60, '2021-09-12', 23, 9, '', NULL),
(2826, '5', '6', 1, 60, '2021-09-12', 23, 9, '', NULL),
(2827, '1', '2', 1, 45, '2021-09-12', 30, 9, '', NULL),
(2828, '1', '2', 2, 45, '2021-09-12', 27, 9, '', NULL),
(2829, '1', '2', 3, 45, '2021-09-12', 21, 9, '', NULL),
(2830, '1', '2', 1, 45, '2021-09-12', 24, 9, '', NULL),
(2831, '4', '4', 1, 60, '2021-09-12', 24, 9, '', NULL),
(2832, '5', '6', 1, 60, '2021-09-12', 32, 9, '', NULL),
(2833, '4', '3', 1, 60, '2021-09-12', 74, 9, '', NULL),
(2834, '1', '1', 1, 45, '2021-09-12', 25, 6, '', NULL),
(2835, '1', '2', 1, 45, '2021-09-12', 25, 6, '', NULL),
(2836, '1', '2', 1, 45, '2021-09-12', 72, 9, '', NULL),
(2837, '1', '2', 1, 45, '2021-09-12', 34, 9, '', NULL),
(2838, '1', '2', 1, 60, '2021-09-12', 28, 9, '', NULL),
(2839, '4', '3', 1, 60, '2021-09-12', 50, 9, '', NULL),
(2840, '1', '2', 1, 45, '2021-09-13', 51, 9, '', NULL),
(2841, '1', '2', 1, 45, '2021-09-14', 22, 9, '', NULL),
(2842, '1', '2', 1, 60, '2021-09-13', 30, 9, '', NULL),
(2843, '1', '2', 4, 45, '2021-09-13', 93, 9, '', NULL),
(2844, '1', '2', 1, 45, '2021-09-13', 39, 9, '', NULL),
(2845, '5', '6', 1, 90, '2021-09-13', 49, 9, '', NULL),
(2846, '1', '2', 1, 45, '2021-09-13', 69, 9, '', NULL),
(2847, '5', '6', 1, 60, '2021-09-13', 24, 9, '', NULL),
(2848, '5', '6', 1, 90, '2021-09-13', 92, 9, '', NULL),
(2849, '1', '2', 1, 45, '2021-09-13', 26, 9, '', NULL),
(2850, '5', '5', 1, 45, '2021-09-13', 26, 9, '', NULL),
(2851, '1', '2', 1, 60, '2021-09-13', 40, 9, '', NULL),
(2852, '1', '2', 1, 45, '2021-09-13', 52, 9, '', NULL),
(2853, '1', '2', 1, 45, '2021-09-13', 25, 9, '', NULL),
(2854, '1', '2', 1, 60, '2021-09-13', 53, 9, '', NULL),
(2855, '5', '5', 1, 60, '2021-09-13', 82, 9, '', NULL),
(2856, '5', '5', 2, 45, '2021-09-13', 18, 9, '', NULL),
(2857, '5', '5', 1, 45, '2021-09-13', 90, 9, '', NULL),
(2858, '5', '5', 1, 45, '2021-09-13', 37, 9, '', NULL),
(2859, '5', '5', 1, 60, '2021-09-13', 55, 9, '', NULL),
(2860, '4', '4', 1, 60, '2021-09-13', 67, 9, '', NULL),
(2861, '1', '2', 1, 45, '2021-09-13', 67, 9, '', NULL),
(2862, '1', '2', 2, 45, '2021-09-14', 22, 9, '', NULL),
(2863, '5', '6', 1, 60, '2021-09-14', 22, 9, '', NULL),
(2864, '1', '2', 5, 45, '2021-09-14', 80, 9, '', NULL),
(2865, '1', '2', 2, 45, '2021-09-14', 71, 9, '', NULL),
(2867, '1', '2', 2, 45, '2021-09-14', 21, 9, '', NULL),
(2868, '1', '2', 1, 45, '2021-09-14', 56, 9, '', NULL),
(2869, '1', '2', 1, 60, '2021-09-14', 56, 9, '', NULL),
(2870, '4', '4', 2, 60, '2021-09-14', 81, 9, '', NULL),
(2871, '5', '6', 1, 60, '2021-09-14', 81, 9, '', NULL),
(2872, '1', '2', 3, 45, '2021-09-14', 39, 9, '', NULL),
(2873, '1', '2', 1, 45, '2021-09-14', 69, 9, '', NULL),
(2874, '5', '6', 1, 60, '2021-09-14', 24, 6, '', NULL),
(2875, '4', '4', 1, 60, '2021-09-14', 24, 6, '', NULL),
(2876, '6', '8', 1, 60, '2021-09-14', 24, 6, '', NULL),
(2877, '1', '2', 1, 45, '2021-09-14', 26, 9, '', NULL),
(2878, '5', '5', 1, 60, '2021-09-14', 26, 9, '', NULL),
(2879, '5', '6', 1, 60, '2021-09-14', 64, 9, '', NULL),
(2880, '4', '4', 1, 60, '2021-09-14', 85, 9, '', NULL),
(2881, '5', '6', 1, 60, '2021-09-14', 85, 9, '', NULL),
(2882, '1', '2', 4, 45, '2021-09-14', 25, 9, '', NULL),
(2883, '1', '2', 2, 45, '2021-09-14', 29, 9, '', NULL),
(2884, '1', '2', 2, 60, '2021-09-14', 29, 9, '', NULL),
(2885, '1', '2', 2, 45, '2021-09-14', 33, 9, '', NULL),
(2886, '1', '2', 1, 45, '2021-09-14', 16, 9, '', NULL),
(2887, '5', '5', 1, 45, '2021-09-14', 28, 6, '', NULL),
(2888, '1', '1', 1, 45, '2021-09-14', 28, 6, '', NULL),
(2889, '5', '5', 1, 60, '2021-09-14', 28, 6, '', NULL),
(2890, '5', '5', 2, 60, '2021-09-14', 19, 9, '', NULL),
(2891, '5', '5', 2, 60, '2021-09-14', 47, 9, '', NULL),
(2892, '5', '5', 1, 60, '2021-09-14', 55, 9, '', NULL),
(2893, '5', '6', 1, 60, '2021-09-15', 22, 9, '', NULL),
(2894, '5', '5', 1, 90, '2021-09-15', 22, 9, 'Actualizado por Lourdes Andrea Torres Padilla', NULL),
(2895, '1', '2', 4, 45, '2021-09-15', 80, 9, '', NULL),
(2896, '1', '2', 2, 60, '2021-09-15', 23, 9, '', NULL),
(2897, '1', '2', 1, 60, '2021-09-15', 23, 9, '', NULL),
(2898, '5', '6', 1, 60, '2021-09-15', 23, 9, '', NULL),
(2899, '5', '6', 1, 90, '2021-09-15', 23, 9, '', NULL),
(2900, '1', '2', 1, 45, '2021-09-15', 93, 9, '', NULL),
(2901, '1', '2', 1, 60, '2021-09-15', 56, 9, '', NULL),
(2902, '5', '6', 1, 90, '2021-09-15', 69, 9, '', NULL),
(2903, '1', '2', 5, 45, '2021-09-15', 24, 9, '', NULL),
(2904, '5', '6', 1, 60, '2021-09-15', 24, 9, '', NULL),
(2905, '6', '8', 1, 60, '2021-09-15', 31, 9, '', NULL),
(2906, '5', '6', 2, 60, '2021-09-15', 31, 9, '', NULL),
(2907, '7', '10', 1, 60, '2021-09-15', 31, 9, '', NULL),
(2908, '1', '2', 1, 60, '2021-09-15', 26, 9, '', NULL),
(2909, '5', '5', 1, 60, '2021-09-15', 42, 9, '', NULL),
(2910, '1', '2', 2, 45, '2021-09-15', 42, 9, '', NULL),
(2911, '5', '6', 1, 90, '2021-09-15', 64, 9, '', NULL),
(2912, '5', '6', 1, 60, '2021-09-15', 85, 9, '', NULL),
(2913, '1', '2', 1, 45, '2021-09-15', 25, 9, '', NULL),
(2914, '1', '2', 2, 45, '2021-09-15', 53, 9, '', NULL),
(2915, '4', '4', 1, 60, '2021-09-15', 34, 9, '', NULL),
(2916, '5', '6', 1, 90, '2021-09-15', 34, 9, '', NULL),
(2917, '1', '2', 4, 45, '2021-09-15', 93, 9, '', NULL),
(2918, '5', '5', 1, 60, '2021-09-15', 28, 9, '', NULL),
(2919, '6', '7', 1, 60, '2021-09-15', 28, 9, '', NULL),
(2920, '5', '5', 1, 60, '2021-09-15', 18, 9, '', NULL),
(2921, '6', '7', 1, 60, '2021-09-15', 37, 9, '', NULL),
(2922, '1', '2', 3, 45, '2021-09-15', 71, 9, '', NULL),
(2923, '1', '2', 1, 45, '2021-09-16', 51, 9, '', NULL),
(2924, '1', '2', 2, 45, '2021-09-16', 22, 9, '', NULL),
(2925, '5', '6', 2, 90, '2021-09-16', 30, 9, '', NULL),
(2926, '1', '2', 4, 45, '2021-09-16', 30, 9, '', NULL),
(2927, '1', '2', 5, 45, '2021-09-16', 71, 9, '', NULL),
(2928, '1', '2', 3, 45, '2021-09-16', 39, 6, '', NULL),
(2929, '1', '2', 2, 45, '2021-09-16', 24, 6, '', NULL),
(2930, '6', '8', 1, 60, '2021-09-16', 24, 6, '', NULL),
(2931, '5', '5', 1, 45, '2021-09-16', 42, 9, '', NULL),
(2932, '6', '7', 1, 60, '2021-09-16', 42, 9, '', NULL),
(2933, '6', '7', 1, 60, '2021-09-16', 65, 6, '', NULL),
(2934, '4', '4', 1, 60, '2021-09-16', 65, 6, '', NULL),
(2935, '1', '2', 1, 45, '2021-09-16', 69, 9, '', NULL),
(2936, '4', '4', 1, 60, '2021-09-16', 84, 9, '', NULL),
(2937, '5', '6', 1, 60, '2021-09-16', 84, 9, '', NULL),
(2938, '4', '3', 1, 60, '2021-09-16', 88, 9, '', NULL),
(2939, '1', '2', 2, 45, '2021-09-16', 25, 9, '', NULL),
(2940, '6', '7', 1, 60, '2021-09-16', 25, 9, '', NULL),
(2941, '1', '2', 1, 45, '2021-09-16', 29, 6, '', NULL),
(2942, '1', '2', 1, 60, '2021-09-16', 29, 6, '', NULL),
(2943, '5', '5', 1, 90, '2021-09-16', 29, 6, '', NULL),
(2944, '1', '2', 2, 45, '2021-09-16', 53, 9, '', NULL),
(2945, '1', '2', 2, 45, '2021-09-16', 33, 9, '', NULL),
(2946, '1', '2', 1, 45, '2021-09-16', 34, 9, '', NULL),
(2947, '5', '5', 1, 45, '2021-09-16', 28, 9, '', NULL),
(2948, '5', '5', 1, 60, '2021-09-16', 28, 9, '', NULL),
(2949, '5', '5', 1, 60, '2021-09-16', 90, 9, '', NULL),
(2950, '5', '6', 1, 60, '2021-09-16', 90, 9, '', NULL),
(2951, '5', '5', 1, 60, '2021-09-16', 37, 9, '', NULL),
(2952, '6', '7', 1, 60, '2021-09-16', 83, 9, '', NULL),
(2953, '1', '2', 1, 45, '2021-09-17', 51, 9, '', NULL),
(2954, '1', '2', 1, 45, '2021-09-17', 22, 9, '', NULL),
(2955, '5', '5', 1, 60, '2021-09-17', 22, 6, '', NULL),
(2956, '6', '7', 1, 60, '2021-09-17', 22, 6, '', NULL),
(2957, '1', '2', 3, 45, '2021-09-17', 80, 9, '', NULL),
(2958, '1', '2', 1, 60, '2021-09-17', 80, 9, '', NULL),
(2959, '1', '2', 3, 45, '2021-09-17', 71, 9, '', NULL),
(2960, '1', '2', 1, 60, '2021-09-17', 71, 9, '', NULL),
(2961, '1', '2', 1, 45, '2021-09-17', 45, 9, '', NULL),
(2962, '6', '8', 1, 60, '2021-09-17', 32, 9, '', NULL),
(2963, '5', '6', 1, 60, '2021-09-17', 85, 9, '', NULL),
(2964, '1', '2', 2, 45, '2021-09-17', 24, 9, '', NULL),
(2965, '4', '4', 1, 60, '2021-09-17', 24, 9, '', NULL),
(2966, '1', '1', 1, 60, '2021-09-17', 42, 9, '', NULL),
(2967, '1', '2', 1, 45, '2021-09-17', 42, 9, '', NULL),
(2968, '5', '5', 2, 60, '2021-09-17', 42, 9, '', NULL),
(2969, '1', '2', 1, 60, '2021-09-17', 40, 6, '', NULL),
(2970, '1', '2', 1, 45, '2021-09-17', 40, 6, '', NULL),
(2971, '1', '2', 4, 45, '2021-09-17', 25, 9, '', NULL),
(2972, '5', '6', 1, 90, '2021-09-17', 29, 9, '', NULL),
(2973, '5', '5', 1, 45, '2021-09-17', 29, 9, '', NULL),
(2974, '1', '2', 1, 60, '2021-09-17', 29, 9, '', NULL),
(2976, '1', '2', 1, 45, '2021-09-17', 53, 9, '', NULL),
(2977, '1', '2', 2, 45, '2021-09-17', 33, 9, '', NULL),
(2978, '1', '2', 1, 60, '2021-09-17', 34, 9, '', NULL),
(2979, '1', '2', 1, 45, '2021-09-17', 34, 9, '', NULL),
(2980, '1', '2', 2, 45, '2021-09-17', 16, 9, '', NULL),
(2981, '5', '5', 1, 60, '2021-09-17', 82, 9, '', NULL),
(2982, '1', '1', 1, 60, '2021-09-17', 28, 9, '', NULL),
(2983, '6', '7', 1, 60, '2021-09-17', 28, 9, '', NULL),
(2984, '4', '3', 1, 60, '2021-09-17', 86, 9, '', NULL),
(2985, '6', '7', 1, 60, '2021-09-17', 37, 9, '', NULL),
(2986, '5', '5', 1, 45, '2021-09-17', 55, 6, '', NULL),
(2987, '5', '5', 4, 45, '2021-09-17', 18, 9, '', NULL),
(2988, '6', '7', 1, 60, '2021-09-17', 18, 9, '', NULL),
(2989, '6', '8', 1, 60, '2021-09-17', 67, 6, '', NULL),
(2990, '4', '4', 1, 60, '2021-09-17', 67, 6, '', NULL),
(2991, '1', '2', 1, 45, '2021-09-18', 51, 9, '', NULL),
(2992, '1', '2', 1, 45, '2021-09-18', 22, 9, '', NULL),
(2993, '7', '9', 1, 60, '2021-09-18', 22, 9, '', NULL),
(2994, '1', '2', 9, 45, '2021-09-18', 80, 9, '', NULL),
(2995, '7', '10', 1, 60, '2021-09-18', 23, 6, '', NULL),
(2996, '5', '6', 1, 60, '2021-09-18', 23, 6, '', NULL),
(2997, '1', '2', 1, 60, '2021-09-18', 30, 9, '', NULL),
(2998, '1', '2', 1, 45, '2021-09-18', 30, 9, '', NULL),
(2999, '1', '2', 1, 45, '2021-09-18', 71, 9, '', NULL),
(3000, '8', '12', 5, 45, '2021-09-18', 93, 9, '', NULL),
(3001, '1', '1', 1, 45, '2021-09-27', 27, 9, '', NULL),
(3002, '1', '2', 2, 45, '2021-09-18', 27, 9, '', NULL),
(3003, '1', '2', 2, 45, '2021-09-18', 21, 9, '', NULL),
(3004, '4', '4', 1, 60, '2021-09-18', 21, 9, '', NULL),
(3005, '1', '2', 2, 45, '2021-09-18', 39, 9, '', NULL),
(3006, '6', '8', 2, 60, '2021-09-18', 49, 9, '', NULL),
(3007, '5', '6', 1, 90, '2021-09-18', 49, 9, '', NULL),
(3008, '8', '12', 3, 45, '2021-09-18', 35, 9, '', NULL),
(3009, '5', '6', 1, 60, '2021-09-18', 32, 9, '', NULL),
(3010, '5', '6', 1, 60, '2021-09-18', 31, 9, '', NULL),
(3011, '1', '2', 1, 60, '2021-09-18', 74, 9, '', NULL),
(3012, '1', '2', 2, 45, '2021-09-18', 40, 9, '', NULL),
(3013, '8', '12', 5, 45, '2021-09-18', 25, 9, '', NULL),
(3014, '7', '10', 1, 60, '2021-09-18', 25, 9, '', NULL),
(3015, '7', '9', 1, 60, '2021-09-18', 29, 9, '', NULL),
(3016, '1', '2', 1, 45, '2021-09-18', 29, 9, '', NULL),
(3017, '1', '1', 1, 60, '2021-09-18', 91, 9, '', NULL),
(3018, '1', '2', 1, 45, '2021-09-18', 72, 9, '', NULL),
(3019, '1', '1', 1, 60, '2021-09-18', 38, 9, '', NULL),
(3020, '1', '2', 1, 45, '2021-09-18', 33, 9, '', NULL),
(3021, '1', '2', 1, 45, '2021-09-18', 34, 9, '', NULL),
(3022, '4', '4', 1, 60, '2021-09-18', 34, 9, '', NULL),
(3023, '7', '10', 1, 60, '2021-09-18', 34, 9, '', NULL),
(3024, '1', '1', 1, 45, '2021-09-18', 28, 9, '', NULL),
(3025, '1', '1', 1, 60, '2021-09-18', 28, 9, '', NULL),
(3026, '5', '5', 1, 90, '2021-09-18', 20, 9, '', NULL),
(3027, '4', '3', 1, 60, '2021-09-18', 19, 9, '', NULL),
(3028, '5', '6', 1, 90, '2021-09-18', 90, 9, '', NULL),
(3029, '1', '1', 1, 60, '2021-09-18', 90, 9, '', NULL),
(3030, '4', '3', 1, 60, '2021-09-18', 37, 6, '', NULL),
(3031, '4', '4', 1, 60, '2021-09-18', 68, 6, '', NULL),
(3032, '5', '6', 1, 90, '2021-09-18', 43, 9, '', NULL),
(3033, '1', '1', 1, 45, '2021-09-18', 43, 9, '', NULL),
(3034, '1', '2', 3, 45, '2021-09-19', 80, 9, '', NULL),
(3035, '1', '2', 1, 60, '2021-09-19', 80, 9, '', NULL),
(3036, '5', '6', 2, 60, '2021-09-19', 23, 9, '', NULL),
(3037, '4', '4', 1, 60, '2021-09-19', 23, 9, '', NULL),
(3038, '1', '2', 1, 45, '2021-09-19', 71, 9, '', NULL),
(3039, '1', '2', 2, 45, '2021-09-19', 27, 9, '', NULL),
(3040, '1', '2', 1, 45, '2021-09-19', 72, 9, '', NULL),
(3041, '1', '2', 3, 45, '2021-09-19', 21, 6, '', NULL),
(3042, '4', '4', 1, 60, '2021-09-19', 24, 9, '', NULL),
(3043, '1', '2', 1, 45, '2021-09-19', 24, 9, '', NULL),
(3044, '5', '6', 1, 60, '2021-09-19', 32, 6, '', NULL),
(3045, '4', '3', 1, 60, '2021-09-19', 74, 6, '', NULL),
(3046, '1', '1', 1, 45, '2021-09-19', 25, 9, '', NULL),
(3047, '1', '2', 1, 45, '2021-09-19', 25, 9, '', NULL),
(3048, '1', '2', 3, 45, '2021-09-19', 21, 9, '', NULL),
(3049, '1', '2', 1, 45, '2021-09-19', 34, 9, '', NULL),
(3050, '1', '1', 1, 60, '2021-09-19', 28, 9, '', NULL),
(3051, '4', '3', 1, 60, '2021-09-19', 50, 9, '', NULL),
(3052, '1', '2', 1, 45, '2021-09-20', 51, 9, '', NULL),
(3053, '1', '2', 1, 45, '2021-09-20', 22, 9, '', NULL),
(3054, '1', '2', 1, 60, '2021-09-20', 30, 9, '', NULL),
(3055, '1', '2', 2, 45, '2021-09-20', 71, 9, '', NULL),
(3056, '1', '2', 1, 60, '2021-09-20', 71, 9, '', NULL),
(3057, '1', '2', 3, 45, '2021-09-20', 93, 9, '', NULL),
(3058, '5', '6', 1, 90, '2021-09-20', 49, 9, '', NULL),
(3059, '1', '2', 1, 45, '2021-09-20', 69, 9, '', NULL),
(3060, '4', '4', 2, 60, '2021-09-20', 24, 6, '', NULL),
(3061, '5', '6', 1, 60, '2021-09-20', 24, 6, '', NULL),
(3062, '5', '6', 1, 90, '2021-09-20', 92, 9, '', NULL),
(3063, '1', '2', 1, 45, '2021-09-20', 26, 9, '', NULL),
(3064, '1', '2', 1, 60, '2021-09-20', 26, 9, '', NULL),
(3065, '5', '5', 1, 45, '2021-09-20', 26, 9, '', NULL),
(3066, '1', '2', 1, 60, '2021-09-20', 40, 9, '', NULL),
(3067, '1', '2', 1, 45, '2021-09-20', 52, 9, '', NULL),
(3068, '1', '2', 1, 45, '2021-09-20', 25, 9, '', NULL),
(3069, '1', '2', 1, 60, '2021-09-20', 24, 9, '', NULL),
(3070, '1', '2', 1, 45, '2021-09-20', 33, 9, '', NULL),
(3071, '1', '2', 3, 45, '2021-09-20', 16, 9, '', NULL),
(3072, '5', '5', 1, 60, '2021-09-20', 82, 9, '', NULL),
(3073, '5', '5', 2, 45, '2021-09-20', 18, 9, '', NULL),
(3074, '5', '5', 1, 45, '2021-09-20', 90, 9, '', NULL),
(3075, '5', '5', 1, 45, '2021-09-20', 37, 9, '', NULL),
(3076, '5', '5', 1, 60, '2021-09-20', 55, 9, '', NULL),
(3077, '4', '4', 1, 60, '2021-09-20', 67, 9, '', NULL),
(3078, '1', '2', 1, 45, '2021-09-20', 67, 9, '', NULL),
(3079, '5', '6', 1, 60, '2021-09-21', 22, 9, '', NULL),
(3080, '1', '2', 2, 45, '2021-09-21', 22, 9, '', NULL),
(3081, '1', '2', 5, 45, '2021-09-21', 80, 9, '', NULL),
(3082, '1', '2', 3, 45, '2021-09-21', 71, 9, '', NULL),
(3083, '5', '6', 1, 90, '2021-09-21', 66, 9, '', NULL),
(3084, '1', '2', 2, 45, '2021-09-21', 21, 6, '', NULL),
(3085, '1', '2', 3, 45, '2021-09-21', 39, 9, '', NULL),
(3086, '1', '2', 1, 45, '2021-09-21', 56, 9, '', NULL),
(3087, '1', '2', 1, 60, '2021-09-21', 56, 9, '', NULL),
(3088, '5', '6', 1, 60, '2021-09-21', 81, 9, '', NULL),
(3089, '4', '4', 2, 60, '2021-09-21', 81, 9, '', NULL),
(3090, '4', '4', 2, 60, '2021-09-21', 49, 9, '', NULL),
(3091, '1', '2', 2, 45, '2021-09-21', 69, 9, '', NULL),
(3092, '4', '4', 3, 60, '2021-09-21', 24, 6, '', NULL),
(3093, '5', '6', 1, 60, '2021-09-21', 24, 6, '', NULL),
(3094, '6', '8', 1, 60, '2021-09-21', 24, 6, '', NULL),
(3095, '4', '4', 1, 60, '2021-09-21', 95, 9, '', NULL),
(3096, '1', '2', 1, 45, '2021-09-21', 26, 9, '', NULL),
(3097, '5', '5', 1, 60, '2021-09-21', 26, 9, '', NULL),
(3098, '4', '4', 2, 60, '2021-09-21', 85, 9, '', NULL),
(3099, '5', '6', 1, 60, '2021-09-21', 85, 9, '', NULL),
(3100, '1', '2', 5, 45, '2021-09-21', 25, 9, '', NULL),
(3101, '1', '2', 3, 45, '2021-09-21', 29, 9, '', NULL),
(3102, '1', '2', 1, 60, '2021-09-21', 29, 9, '', NULL),
(3103, '1', '2', 2, 45, '2021-09-21', 33, 9, '', NULL),
(3104, '1', '2', 1, 60, '2021-09-21', 16, 9, '', NULL),
(3105, '5', '5', 1, 45, '2021-09-21', 28, 9, '', NULL),
(3106, '1', '1', 1, 45, '2021-09-21', 28, 9, '', NULL),
(3107, '5', '5', 1, 60, '2021-09-21', 28, 9, '', NULL),
(3108, '5', '5', 1, 60, '2021-09-21', 19, 9, '', NULL),
(3109, '5', '5', 2, 60, '2021-09-21', 47, 9, '', NULL),
(3110, '5', '5', 1, 90, '2021-09-21', 55, 9, '', NULL),
(3111, '4', '4', 2, 60, '2021-09-21', 67, 6, '', NULL),
(3112, '4', '4', 1, 60, '2021-09-21', 34, 9, '', NULL),
(3113, '5', '5', 1, 90, '2021-09-22', 22, 9, '', NULL),
(3114, '1', '2', 5, 45, '2021-09-22', 80, 9, '', NULL),
(3115, '5', '6', 1, 90, '2021-09-22', 23, 9, '', NULL),
(3116, '1', '2', 3, 60, '2021-09-22', 23, 9, '', NULL),
(3117, '5', '6', 1, 60, '2021-09-22', 23, 9, '', NULL),
(3118, '1', '2', 3, 45, '2021-09-22', 71, 6, '', NULL),
(3119, '1', '2', 4, 45, '2021-09-22', 93, 9, '', NULL),
(3120, '1', '2', 1, 60, '2021-09-22', 56, 9, '', NULL),
(3121, '5', '6', 1, 90, '2021-09-22', 69, 9, '', NULL),
(3122, '1', '2', 5, 45, '2021-09-22', 24, 9, 'Actualizado por Lourdes Andrea Torres Padilla', NULL),
(3123, '5', '6', 1, 60, '2021-09-22', 24, 9, '', NULL),
(3124, '5', '6', 2, 60, '2021-09-22', 31, 9, '', NULL),
(3125, '7', '10', 1, 60, '2021-09-22', 31, 9, '', NULL),
(3126, '1', '2', 1, 60, '2021-09-22', 26, 9, '', NULL),
(3127, '1', '2', 2, 45, '2021-09-22', 42, 9, '', NULL),
(3128, '5', '5', 1, 60, '2021-09-22', 42, 9, '', NULL),
(3129, '5', '6', 1, 90, '2021-09-22', 64, 9, '', NULL),
(3130, '1', '2', 1, 45, '2021-09-22', 25, 9, '', NULL),
(3131, '1', '2', 2, 45, '2021-09-22', 53, 9, '', NULL),
(3132, '4', '4', 1, 60, '2021-09-22', 34, 6, '', NULL),
(3133, '5', '6', 1, 90, '2021-09-22', 34, 6, '', NULL),
(3134, '6', '7', 1, 60, '2021-09-22', 28, 9, '', NULL),
(3135, '5', '5', 1, 60, '2021-09-22', 18, 9, '', NULL),
(3136, '5', '5', 1, 45, '2021-09-22', 19, 9, '', NULL),
(3137, '6', '7', 1, 60, '2021-09-22', 37, 9, '', NULL),
(3138, '1', '2', 1, 45, '2021-09-23', 51, 9, '', NULL),
(3139, '1', '2', 3, 45, '2021-09-23', 22, 9, 'Actualizado por Lourdes Andrea Torres Padilla', NULL),
(3140, '1', '2', 4, 45, '2021-09-23', 30, 9, '', NULL),
(3141, '5', '6', 2, 90, '2021-09-23', 30, 9, '', NULL),
(3142, '1', '2', 5, 45, '2021-09-23', 71, 9, '', NULL),
(3143, '4', '4', 1, 60, '2021-09-23', 21, 9, '', NULL),
(3144, '1', '2', 3, 45, '2021-09-23', 39, 9, '', NULL),
(3145, '4', '4', 2, 60, '2021-09-23', 81, 9, '', NULL),
(3146, '5', '6', 1, 60, '2021-09-23', 81, 9, '', NULL),
(3147, '1', '2', 1, 45, '2021-09-23', 69, 9, '', NULL),
(3148, '4', '4', 1, 60, '2021-09-23', 24, 9, '', NULL),
(3149, '1', '2', 2, 45, '2021-09-23', 24, 9, '', NULL),
(3150, '6', '8', 1, 60, '2021-09-23', 24, 9, '', NULL),
(3151, '5', '5', 1, 45, '2021-09-23', 42, 9, '', NULL),
(3152, '6', '7', 1, 60, '2021-09-23', 42, 9, '', NULL),
(3153, '4', '4', 1, 60, '2021-09-23', 65, 9, '', NULL),
(3154, '4', '3', 1, 60, '2021-09-24', 88, 9, '', NULL),
(3155, '1', '2', 2, 45, '2021-09-23', 25, 9, '', NULL),
(3156, '6', '7', 1, 60, '2021-09-23', 25, 9, '', NULL),
(3157, '1', '2', 1, 45, '2021-09-23', 29, 9, '', NULL),
(3158, '1', '2', 1, 60, '2021-09-23', 29, 9, '', NULL),
(3159, '5', '5', 1, 90, '2021-09-23', 29, 9, '', NULL),
(3160, '1', '2', 2, 45, '2021-09-23', 53, 9, '', NULL),
(3161, '1', '2', 2, 45, '2021-09-23', 33, 9, '', NULL),
(3162, '1', '2', 1, 45, '2021-09-23', 40, 9, '', NULL),
(3163, '4', '4', 1, 60, '2021-09-23', 40, 9, '', NULL),
(3164, '5', '5', 1, 45, '2021-09-23', 28, 9, '', NULL),
(3165, '5', '5', 1, 60, '2021-09-23', 28, 9, '', NULL),
(3166, '5', '5', 1, 60, '2021-09-23', 90, 9, '', NULL),
(3167, '5', '6', 1, 60, '2021-09-23', 90, 9, '', NULL),
(3168, '5', '5', 1, 60, '2021-09-23', 37, 9, '', NULL),
(3169, '5', '6', 1, 90, '2021-09-23', 68, 9, '', NULL),
(3170, '4', '4', 1, 60, '2021-09-23', 84, 9, '', NULL),
(3171, '5', '6', 1, 60, '2021-09-23', 84, 9, '', NULL),
(3172, '1', '2', 1, 45, '2021-09-24', 22, 9, '', NULL),
(3173, '5', '6', 1, 60, '2021-09-24', 22, 9, '', NULL),
(3174, '1', '2', 3, 45, '2021-09-24', 80, 9, '', NULL),
(3175, '1', '2', 1, 60, '2021-09-24', 80, 9, '', NULL),
(3176, '1', '2', 2, 45, '2021-09-24', 71, 9, '', NULL),
(3177, '1', '2', 1, 60, '2021-09-24', 71, 9, '', NULL),
(3178, '1', '2', 1, 45, '2021-09-24', 45, 9, '', NULL),
(3179, '1', '2', 2, 45, '2021-09-24', 24, 9, '', NULL),
(3180, '5', '6', 1, 60, '2021-09-24', 24, 9, '', NULL),
(3181, '4', '4', 2, 60, '2021-09-24', 24, 9, '', NULL),
(3182, '1', '2', 1, 45, '2021-09-24', 42, 9, '', NULL),
(3183, '1', '1', 1, 60, '2021-09-24', 42, 9, '', NULL),
(3184, '5', '5', 2, 60, '2021-09-24', 42, 9, '', NULL),
(3185, '5', '6', 1, 60, '2021-09-24', 85, 9, '', NULL),
(3186, '1', '2', 1, 45, '2021-09-24', 40, 9, '', NULL),
(3187, '1', '2', 1, 60, '2021-09-24', 40, 9, '', NULL),
(3188, '1', '2', 4, 45, '2021-09-24', 25, 9, '', NULL),
(3189, '5', '6', 1, 90, '2021-09-24', 29, 9, '', NULL),
(3190, '5', '5', 1, 45, '2021-09-24', 29, 9, '', NULL),
(3191, '1', '2', 1, 60, '2021-09-24', 29, 9, '', NULL),
(3192, '1', '2', 1, 45, '2021-09-24', 53, 9, '', NULL),
(3193, '1', '2', 2, 45, '2021-09-24', 33, 9, '', NULL),
(3194, '1', '2', 1, 45, '2021-09-24', 34, 9, '', NULL),
(3195, '4', '4', 2, 60, '2021-09-24', 96, 9, '', NULL),
(3196, '1', '2', 2, 45, '2021-09-24', 16, 9, '', NULL),
(3197, '5', '5', 1, 60, '2021-09-24', 82, 9, '', NULL),
(3198, '1', '1', 1, 60, '2021-09-24', 28, 9, '', NULL),
(3199, '6', '7', 1, 60, '2021-09-24', 28, 9, '', NULL),
(3200, '5', '5', 4, 45, '2021-09-24', 18, 9, '', NULL),
(3201, '6', '7', 1, 60, '2021-09-24', 18, 9, 'Actualizado por Lourdes Andrea Torres Padilla', NULL),
(3202, '4', '3', 1, 60, '2021-09-24', 86, 9, '', NULL),
(3203, '5', '5', 1, 45, '2021-09-24', 55, 9, '', NULL),
(3204, '4', '4', 1, 60, '2021-09-24', 67, 9, '', NULL),
(3205, '1', '2', 1, 45, '2021-09-25', 51, 9, '', NULL),
(3206, '7', '9', 1, 60, '2021-09-25', 22, 6, '', NULL),
(3207, '1', '2', 1, 45, '2021-09-25', 22, 6, '', NULL),
(3208, '1', '2', 9, 45, '2021-09-25', 80, 9, '', NULL),
(3209, '7', '10', 1, 60, '2021-09-25', 23, 6, '', NULL),
(3210, '5', '6', 1, 60, '2021-09-25', 23, 6, '', NULL),
(3211, '1', '2', 1, 60, '2021-09-25', 30, 9, '', NULL),
(3212, '1', '2', 1, 45, '2021-09-25', 30, 9, '', NULL),
(3213, '1', '2', 1, 45, '2021-09-25', 71, 9, '', NULL),
(3214, '1', '1', 1, 45, '2021-09-25', 27, 9, '', NULL),
(3215, '1', '2', 1, 45, '2021-09-25', 27, 9, '', NULL),
(3216, '1', '2', 2, 45, '2021-09-25', 21, 9, '', NULL),
(3217, '4', '4', 1, 60, '2021-09-25', 21, 9, '', NULL),
(3218, '1', '2', 2, 45, '2021-09-25', 39, 9, '', NULL),
(3219, '4', '4', 1, 60, '2021-09-25', 49, 9, '', NULL),
(3220, '5', '6', 1, 90, '2021-09-25', 49, 9, '', NULL),
(3221, '5', '6', 1, 60, '2021-09-25', 32, 9, '', NULL),
(3222, '4', '4', 1, 60, '2021-09-25', 31, 9, '', NULL),
(3223, '4', '4', 1, 60, '2021-09-25', 31, 9, '', NULL),
(3224, '1', '1', 1, 60, '2021-09-25', 74, 9, '', NULL),
(3225, '4', '3', 1, 60, '2021-09-25', 74, 9, '', NULL),
(3226, '5', '6', 1, 60, '2021-09-25', 85, 9, '', NULL),
(3227, '7', '9', 1, 60, '2021-09-25', 29, 9, '', NULL),
(3228, '1', '1', 1, 60, '2021-09-25', 91, 9, '', NULL),
(3229, '1', '2', 1, 45, '2021-09-25', 72, 9, '', NULL),
(3230, '1', '1', 1, 60, '2021-09-25', 38, 9, '', NULL),
(3231, '1', '2', 2, 45, '2021-09-25', 33, 9, '', NULL),
(3232, '1', '2', 1, 45, '2021-09-25', 34, 9, '', NULL),
(3233, '4', '4', 1, 60, '2021-09-25', 34, 9, '', NULL),
(3234, '7', '10', 1, 60, '2021-09-25', 34, 9, '', NULL),
(3235, '1', '1', 1, 60, '2021-09-25', 28, 9, '', NULL),
(3236, '1', '1', 1, 45, '2021-09-25', 28, 9, '', NULL),
(3237, '5', '5', 1, 90, '2021-09-25', 20, 9, '', NULL),
(3238, '4', '3', 1, 60, '2021-09-25', 19, 9, '', NULL),
(3239, '5', '6', 1, 90, '2021-09-25', 90, 9, '', NULL),
(3240, '1', '1', 1, 60, '2021-09-25', 90, 9, '', NULL),
(3241, '4', '3', 1, 60, '2021-09-25', 37, 9, '', NULL),
(3242, '4', '4', 1, 60, '2021-09-25', 68, 9, '', NULL),
(3243, '5', '6', 1, 90, '2021-09-25', 43, 9, '', NULL),
(3244, '7', '9', 1, 60, '2021-09-25', 25, 9, '', NULL),
(3245, '8', '12', 5, 45, '2021-09-25', 25, 9, '', NULL),
(3246, '8', '12', 7, 45, '2021-09-25', 93, 9, '', NULL),
(3247, '1', '2', 2, 45, '2021-09-25', 40, 9, '', NULL),
(3248, '1', '2', 2, 45, '2021-09-26', 80, 9, '', NULL),
(3249, '1', '1', 1, 45, '2021-09-26', 80, 9, '', NULL),
(3250, '5', '6', 2, 60, '2021-09-26', 23, 9, '', NULL),
(3251, '4', '4', 1, 60, '2021-09-26', 23, 9, '', NULL),
(3252, '1', '2', 1, 45, '2021-09-26', 71, 9, '', NULL),
(3253, '1', '2', 2, 45, '2021-09-26', 27, 9, '', NULL),
(3254, '1', '2', 3, 45, '2021-09-26', 21, 9, '', NULL),
(3255, '1', '2', 1, 45, '2021-09-26', 24, 9, '', NULL),
(3256, '4', '4', 1, 60, '2021-09-26', 24, 9, '', NULL),
(3257, '5', '6', 1, 60, '2021-09-26', 32, 9, '', NULL),
(3258, '4', '3', 1, 60, '2021-09-26', 74, 9, '', NULL),
(3259, '4', '3', 1, 60, '2021-09-26', 70, 9, '', NULL),
(3260, '1', '1', 1, 45, '2021-09-26', 25, 9, '', NULL),
(3261, '1', '2', 1, 45, '2021-09-26', 34, 9, '', NULL),
(3262, '1', '1', 1, 60, '2021-09-26', 28, 9, '', NULL),
(3263, '4', '3', 2, 60, '2021-09-26', 50, 9, 'Actualizado por Lourdes Andrea Torres Padilla', NULL),
(3264, '4', '3', 1, 60, '2021-09-26', 55, 9, '', NULL),
(3265, '1', '2', 1, 45, '2021-09-27', 51, 9, '', NULL),
(3266, '1', '2', 1, 45, '2021-09-27', 22, 9, '', NULL),
(3267, '1', '2', 1, 60, '2021-09-27', 30, 9, '', NULL),
(3270, '1', '2', 3, 45, '2021-09-27', 93, 9, '', NULL),
(3271, '5', '6', 1, 90, '2021-09-27', 49, 9, '', NULL),
(3272, '1', '2', 1, 45, '2021-09-27', 69, 9, '', NULL),
(3273, '4', '4', 1, 60, '2021-09-27', 69, 9, '', NULL),
(3274, '4', '4', 2, 60, '2021-09-27', 24, 9, '', NULL),
(3275, '5', '6', 1, 60, '2021-09-27', 24, 9, '', NULL),
(3276, '5', '6', 1, 90, '2021-09-27', 92, 9, '', NULL),
(3277, '1', '2', 1, 45, '2021-09-27', 26, 9, '', NULL),
(3278, '1', '2', 1, 60, '2021-09-27', 26, 9, '', NULL),
(3279, '5', '5', 1, 45, '2021-09-27', 26, 9, '', NULL),
(3280, '1', '2', 1, 60, '2021-09-27', 40, 9, '', NULL),
(3281, '1', '2', 1, 45, '2021-09-27', 52, 9, '', NULL),
(3282, '1', '2', 1, 45, '2021-09-27', 25, 9, '', NULL),
(3283, '1', '2', 1, 60, '2021-09-27', 53, 9, '', NULL),
(3284, '1', '2', 1, 45, '2021-09-27', 33, 9, '', NULL),
(3285, '1', '2', 3, 45, '2021-09-27', 16, 9, '', NULL),
(3286, '5', '5', 1, 60, '2021-09-27', 82, 9, '', NULL),
(3287, '5', '5', 2, 45, '2021-09-27', 18, 9, '', NULL),
(3288, '5', '5', 1, 45, '2021-09-27', 90, 9, '', NULL),
(3289, '5', '5', 1, 45, '2021-09-27', 37, 9, '', NULL),
(3290, '5', '5', 1, 60, '2021-09-27', 55, 9, '', NULL),
(3291, '4', '4', 1, 60, '2021-09-27', 67, 9, '', NULL),
(3292, '1', '2', 1, 45, '2021-09-27', 67, 9, '', NULL),
(3293, '5', '6', 1, 60, '2021-09-28', 22, 9, '', NULL),
(3294, '1', '2', 2, 45, '2021-09-28', 22, 9, '', NULL),
(3295, '1', '2', 5, 45, '2021-09-28', 80, 9, '', NULL),
(3296, '5', '6', 1, 90, '2021-09-28', 66, 9, '', NULL),
(3297, '1', '2', 2, 45, '2021-09-28', 21, 9, '', NULL),
(3298, '1', '2', 2, 45, '2021-09-28', 39, 9, '', NULL),
(3299, '1', '2', 1, 60, '2021-09-28', 56, 9, '', NULL),
(3300, '5', '6', 1, 60, '2021-09-28', 81, 9, '', NULL),
(3301, '4', '4', 2, 60, '2021-09-28', 81, 9, '', NULL),
(3302, '4', '4', 2, 60, '2021-09-28', 49, 9, '', NULL),
(3303, '1', '2', 1, 45, '2021-09-28', 69, 9, '', NULL),
(3304, '4', '4', 3, 60, '2021-09-28', 24, 9, '', NULL),
(3305, '5', '6', 1, 60, '2021-09-28', 24, 9, '', NULL),
(3306, '4', '4', 2, 60, '2021-09-28', 95, 9, '', NULL),
(3307, '1', '2', 1, 45, '2021-09-28', 26, 9, '', NULL),
(3308, '5', '5', 1, 60, '2021-09-28', 26, 9, '', NULL),
(3309, '5', '6', 1, 60, '2021-09-28', 64, 9, '', NULL),
(3310, '4', '4', 2, 60, '2021-09-28', 85, 9, '', NULL),
(3311, '5', '6', 1, 60, '2021-09-28', 85, 9, '', NULL),
(3312, '1', '2', 3, 45, '2021-09-28', 25, 9, '', NULL),
(3313, '1', '2', 2, 45, '2021-09-28', 29, 9, '', NULL),
(3314, '1', '2', 2, 60, '2021-09-28', 29, 9, '', NULL),
(3315, '1', '2', 2, 45, '2021-09-28', 33, 9, '', NULL),
(3316, '4', '4', 1, 60, '2021-09-28', 34, 9, '', NULL),
(3317, '5', '5', 1, 45, '2021-09-28', 28, 9, '', NULL),
(3318, '1', '1', 1, 45, '2021-09-28', 28, 9, '', NULL),
(3319, '5', '5', 1, 60, '2021-09-28', 28, 9, '', NULL),
(3320, '5', '5', 2, 60, '2021-09-28', 19, 9, '', NULL),
(3321, '5', '5', 1, 90, '2021-09-28', 55, 9, '', NULL),
(3322, '4', '4', 2, 60, '2021-09-28', 67, 9, '', NULL),
(3323, '5', '5', 2, 60, '2021-09-28', 47, 9, '', NULL),
(3324, '1', '2', 4, 45, '2021-09-29', 80, 9, '', NULL),
(3325, '5', '5', 1, 60, '2021-09-29', 22, 9, '', NULL),
(3326, '5', '6', 1, 90, '2021-09-29', 23, 9, '', NULL),
(3327, '1', '2', 3, 60, '2021-09-29', 23, 9, '', NULL),
(3328, '5', '6', 1, 60, '2021-09-29', 23, 9, '', NULL),
(3329, '1', '2', 4, 45, '2021-09-29', 71, 9, '', NULL),
(3330, '1', '2', 4, 45, '2021-09-29', 93, 9, '', NULL),
(3331, '1', '2', 1, 45, '2021-09-29', 56, 9, '', NULL),
(3332, '1', '2', 1, 60, '2021-09-29', 56, 9, '', NULL),
(3333, '5', '6', 1, 90, '2021-09-29', 69, 9, '', NULL),
(3334, '1', '2', 5, 45, '2021-09-29', 24, 9, '', NULL),
(3335, '5', '6', 1, 60, '2021-09-29', 24, 9, '', NULL),
(3336, '5', '6', 2, 60, '2021-09-29', 31, 9, '', NULL),
(3337, '7', '10', 1, 60, '2021-09-29', 31, 9, '', NULL),
(3338, '4', '4', 1, 60, '2021-09-29', 31, 9, '', NULL),
(3339, '1', '2', 1, 60, '2021-09-29', 26, 9, '', NULL),
(3340, '1', '2', 2, 45, '2021-09-29', 42, 9, '', NULL),
(3341, '5', '5', 1, 60, '2021-09-29', 42, 9, '', NULL),
(3342, '5', '6', 1, 90, '2021-09-30', 64, 9, '', NULL),
(3343, '5', '6', 1, 60, '2021-09-29', 85, 9, '', NULL),
(3344, '1', '2', 1, 45, '2021-09-29', 25, 9, '', NULL),
(3345, '1', '2', 2, 45, '2021-09-29', 53, 9, '', NULL),
(3346, '4', '4', 1, 60, '2021-09-29', 34, 9, '', NULL),
(3347, '5', '6', 1, 90, '2021-09-29', 34, 9, '', NULL),
(3349, '5', '5', 1, 60, '2021-09-29', 28, 9, '', NULL),
(3350, '5', '5', 1, 60, '2021-09-29', 18, 9, '', NULL),
(3351, '5', '5', 1, 45, '2021-09-29', 19, 9, '', NULL),
(3352, '1', '2', 1, 45, '2021-09-30', 51, 9, '', NULL),
(3353, '1', '2', 3, 45, '2021-09-30', 22, 9, '', NULL),
(3354, '1', '2', 4, 45, '2021-09-30', 30, 9, '', NULL),
(3355, '5', '6', 2, 90, '2021-09-30', 30, 9, '', NULL),
(3356, '1', '2', 5, 45, '2021-09-30', 71, 9, '', NULL),
(3357, '4', '4', 1, 60, '2021-09-30', 21, 9, '', NULL),
(3358, '1', '2', 3, 45, '2021-09-30', 39, 9, '', NULL),
(3359, '4', '4', 2, 60, '2021-09-30', 81, 9, '', NULL),
(3360, '5', '6', 1, 60, '2021-09-30', 81, 9, '', NULL),
(3361, '1', '2', 1, 45, '2021-09-30', 69, 9, '', NULL),
(3362, '1', '2', 3, 45, '2021-09-30', 24, 9, '', NULL),
(3363, '4', '4', 1, 60, '2021-09-30', 24, 9, '', NULL),
(3364, '5', '5', 1, 45, '2021-09-30', 42, 9, '', NULL),
(3365, '4', '4', 1, 60, '2021-09-30', 65, 9, '', NULL),
(3366, '4', '3', 1, 60, '2021-09-30', 88, 9, '', NULL),
(3367, '1', '2', 2, 45, '2021-09-30', 25, 9, 'Actualizado por Lourdes Andrea Torres Padilla', NULL),
(3368, '1', '2', 1, 45, '2021-09-30', 29, 9, '', NULL),
(3369, '1', '2', 1, 60, '2021-09-30', 29, 9, '', NULL),
(3370, '5', '5', 1, 60, '2021-09-30', 29, 9, '', NULL),
(3371, '1', '2', 2, 45, '2021-09-30', 53, 9, '', NULL),
(3372, '1', '2', 2, 45, '2021-09-30', 33, 9, '', NULL),
(3373, '1', '2', 1, 45, '2021-09-30', 34, 9, '', NULL),
(3374, '4', '4', 1, 60, '2021-09-30', 34, 9, '', NULL),
(3375, '1', '2', 1, 45, '2021-09-30', 16, 9, '', NULL),
(3376, '5', '5', 1, 45, '2021-09-30', 28, 9, '', NULL),
(3377, '5', '5', 1, 60, '2021-09-30', 28, 9, '', NULL),
(3378, '5', '5', 1, 60, '2021-09-30', 90, 9, '', NULL),
(3379, '5', '6', 1, 60, '2021-09-30', 90, 9, '', NULL),
(3380, '5', '5', 1, 60, '2021-09-30', 37, 9, '', NULL),
(3381, '5', '6', 1, 90, '2021-09-30', 68, 9, '', NULL),
(3382, '4', '4', 1, 60, '2021-09-30', 68, 9, '', NULL),
(3383, '4', '4', 1, 60, '2021-09-30', 84, 9, '', NULL),
(3384, '5', '6', 1, 60, '2021-09-30', 84, 9, '', NULL),
(3386, '5', '6', 1, 60, '2021-10-01', 22, 10, '', NULL),
(3387, '1', '2', 1, 45, '2021-10-01', 51, 10, '', NULL),
(3388, '1', '2', 3, 45, '2021-10-01', 80, 10, '', NULL),
(3389, '1', '2', 2, 60, '2021-10-01', 80, 10, '', NULL),
(3390, '1', '2', 1, 45, '2021-10-01', 30, 10, '', NULL),
(3393, '1', '2', 3, 45, '2021-10-01', 71, 10, '', NULL),
(3394, '1', '2', 1, 60, '2021-10-01', 71, 10, '', NULL),
(3395, '1', '2', 2, 45, '2021-10-01', 24, 10, '', NULL),
(3396, '4', '4', 2, 60, '2021-10-01', 24, 10, '', NULL),
(3397, '5', '6', 1, 60, '2021-10-01', 24, 10, '', NULL),
(3398, '1', '2', 1, 45, '2021-10-01', 42, 10, '', NULL),
(3399, '1', '1', 1, 60, '2021-10-01', 42, 10, '', NULL),
(3400, '5', '5', 2, 60, '2021-10-01', 42, 10, '', NULL),
(3401, '1', '2', 2, 45, '2021-10-01', 40, 10, '', NULL),
(3402, '1', '2', 1, 60, '2021-10-01', 40, 10, '', NULL),
(3403, '1', '2', 4, 45, '2021-10-01', 25, 10, '', NULL),
(3404, '1', '2', 1, 60, '2021-10-01', 29, 10, '', NULL),
(3405, '5', '6', 1, 90, '2021-10-01', 29, 10, '', NULL),
(3406, '5', '5', 1, 45, '2021-10-01', 29, 10, '', NULL),
(3407, '1', '2', 1, 45, '2021-10-01', 53, 10, '', NULL),
(3408, '1', '2', 2, 45, '2021-10-01', 33, 10, '', NULL),
(3409, '1', '2', 1, 45, '2021-10-01', 34, 10, '', NULL),
(3410, '4', '4', 1, 60, '2021-10-01', 96, 10, '', NULL),
(3411, '1', '2', 2, 45, '2021-10-01', 16, 10, '', NULL),
(3412, '5', '5', 1, 60, '2021-10-01', 82, 10, '', NULL),
(3413, '1', '1', 1, 60, '2021-10-01', 28, 10, '', NULL),
(3414, '5', '5', 4, 45, '2021-10-01', 18, 10, '', NULL),
(3415, '4', '3', 1, 60, '2021-10-01', 86, 10, '', NULL),
(3416, '5', '5', 1, 45, '2021-10-01', 55, 10, '', NULL),
(3417, '4', '4', 1, 60, '2021-10-01', 67, 10, '', NULL),
(3418, '1', '2', 1, 45, '2021-10-02', 51, 10, '', NULL),
(3419, '7', '9', 1, 60, '2021-10-02', 22, 10, '', NULL),
(3420, '1', '2', 1, 45, '2021-10-02', 22, 10, '', NULL),
(3421, '1', '2', 9, 45, '2021-10-02', 80, 10, '', NULL),
(3422, '7', '10', 1, 60, '2021-10-02', 23, 10, '', NULL),
(3423, '5', '6', 1, 60, '2021-10-02', 23, 10, '', NULL),
(3424, '1', '2', 1, 45, '2021-10-02', 30, 10, '', NULL),
(3425, '1', '2', 1, 60, '2021-10-02', 30, 10, '', NULL),
(3426, '1', '2', 1, 45, '2021-10-02', 71, 10, '', NULL),
(3427, '8', '12', 7, 45, '2021-10-02', 93, 10, '', NULL),
(3428, '1', '2', 2, 45, '2021-10-02', 27, 10, '', NULL),
(3429, '1', '1', 1, 45, '2021-10-02', 27, 10, '', NULL),
(3430, '1', '2', 1, 45, '2021-10-02', 39, 10, '', NULL),
(3431, '4', '4', 1, 60, '2021-10-02', 49, 10, '', NULL),
(3433, '5', '6', 1, 90, '2021-10-02', 49, 10, '', NULL),
(3434, '5', '6', 1, 60, '2021-10-02', 32, 10, '', NULL),
(3435, '1', '1', 1, 45, '2021-10-02', 74, 10, '', NULL),
(3436, '1', '2', 1, 45, '2021-10-02', 40, 10, '', NULL),
(3437, '8', '12', 4, 45, '2021-10-02', 25, 10, '', NULL),
(3438, '7', '9', 1, 60, '2021-10-02', 25, 10, '', NULL),
(3439, '7', '9', 1, 60, '2021-10-02', 29, 10, '', NULL),
(3440, '1', '2', 1, 45, '2021-10-02', 29, 10, '', NULL),
(3441, '1', '1', 1, 60, '2021-10-02', 91, 10, '', NULL),
(3442, '1', '2', 1, 45, '2021-10-02', 72, 10, '', NULL),
(3443, '1', '1', 1, 45, '2021-10-02', 38, 10, '', NULL),
(3444, '1', '2', 2, 45, '2021-10-02', 33, 10, '', NULL),
(3445, '7', '10', 1, 60, '2021-10-02', 34, 10, '', NULL),
(3446, '4', '4', 1, 60, '2021-10-02', 34, 10, '', NULL),
(3447, '1', '1', 1, 45, '2021-10-02', 28, 10, '', NULL),
(3448, '1', '1', 1, 60, '2021-10-02', 28, 10, '', NULL),
(3449, '5', '5', 1, 60, '2021-10-02', 20, 10, '', NULL),
(3451, '1', '2', 1, 60, '2021-10-02', 90, 10, '', NULL),
(3452, '4', '3', 1, 60, '2021-10-02', 19, 10, '', NULL),
(3453, '4', '3', 1, 60, '2021-10-02', 37, 10, '', NULL),
(3454, '4', '4', 1, 60, '2021-10-02', 68, 10, '', NULL),
(3455, '5', '6', 1, 90, '2021-10-02', 43, 10, '', NULL),
(3456, '8', '12', 2, 45, '2021-10-02', 35, 10, '', NULL),
(3457, '4', '4', 1, 60, '2021-10-02', 96, 10, '', NULL),
(3458, '1', '2', 4, 45, '2021-10-03', 80, 10, '', NULL),
(3459, '1', '2', 1, 60, '2021-10-03', 80, 10, '', NULL),
(3460, '5', '6', 2, 60, '2021-10-03', 23, 10, '', NULL),
(3461, '4', '4', 1, 60, '2021-10-03', 23, 10, '', NULL),
(3462, '1', '2', 1, 45, '2021-10-03', 27, 10, '', NULL),
(3463, '1', '2', 4, 45, '2021-10-03', 21, 10, '', NULL),
(3464, '4', '4', 1, 60, '2021-10-03', 21, 10, '', NULL),
(3465, '4', '4', 1, 60, '2021-10-03', 24, 10, '', NULL),
(3466, '1', '2', 1, 45, '2021-10-03', 24, 10, '', NULL),
(3467, '5', '6', 1, 60, '2021-10-03', 32, 10, '', NULL),
(3468, '4', '3', 1, 60, '2021-10-03', 74, 10, '', NULL),
(3469, '4', '3', 1, 60, '2021-10-03', 70, 10, '', NULL),
(3470, '1', '1', 1, 45, '2021-10-03', 25, 10, '', NULL),
(3471, '1', '2', 1, 45, '2021-10-03', 25, 10, '', NULL),
(3472, '1', '2', 1, 45, '2021-10-03', 34, 10, '', NULL),
(3473, '1', '1', 1, 60, '2021-10-03', 28, 10, '', NULL),
(3474, '4', '3', 1, 90, '2021-10-03', 86, 10, '', NULL),
(3475, '4', '3', 2, 60, '2021-10-03', 50, 10, '', NULL),
(3476, '4', '3', 1, 60, '2021-10-03', 55, 10, '', NULL),
(3477, '1', '2', 3, 45, '2021-10-04', 22, 10, '', NULL),
(3478, '1', '2', 2, 45, '2021-10-04', 71, 10, '', NULL),
(3479, '1', '2', 1, 60, '2021-10-04', 71, 10, '', NULL),
(3480, '1', '2', 3, 45, '2021-10-04', 93, 10, '', NULL),
(3481, '5', '6', 1, 90, '2021-10-04', 49, 10, '', NULL),
(3482, '1', '2', 1, 45, '2021-10-04', 69, 10, '', NULL),
(3483, '4', '4', 1, 60, '2021-10-04', 69, 10, '', NULL),
(3484, '4', '4', 2, 60, '2021-10-04', 24, 10, '', NULL),
(3485, '5', '6', 1, 60, '2021-10-04', 24, 10, '', NULL),
(3486, '1', '2', 1, 60, '2021-10-04', 24, 10, '', NULL),
(3487, '5', '6', 1, 90, '2021-10-04', 92, 10, '', NULL),
(3488, '5', '5', 1, 45, '2021-10-04', 26, 10, '', NULL),
(3489, '1', '2', 1, 45, '2021-10-04', 26, 10, '', NULL),
(3490, '1', '2', 1, 60, '2021-10-04', 26, 10, '', NULL),
(3491, '1', '2', 1, 60, '2021-10-04', 40, 10, '', NULL),
(3492, '1', '2', 1, 45, '2021-10-04', 52, 10, '', NULL),
(3493, '1', '2', 1, 45, '2021-10-04', 25, 10, '', NULL),
(3494, '1', '2', 3, 45, '2021-10-04', 16, 10, '', NULL),
(3495, '5', '5', 1, 60, '2021-10-04', 82, 10, '', NULL),
(3496, '5', '5', 2, 45, '2021-10-04', 18, 10, '', NULL),
(3497, '5', '5', 1, 45, '2021-10-04', 90, 10, '', NULL),
(3498, '5', '5', 1, 45, '2021-10-04', 37, 10, '', NULL),
(3499, '1', '2', 1, 45, '2021-10-04', 67, 10, '', NULL),
(3500, '5', '6', 1, 60, '2021-10-05', 22, 10, '', NULL),
(3501, '1', '2', 2, 45, '2021-10-05', 22, 10, '', NULL),
(3502, '1', '2', 4, 45, '2021-10-05', 80, 10, '', NULL),
(3503, '1', '2', 3, 45, '2021-10-05', 71, 10, '', NULL),
(3504, '5', '6', 1, 90, '2021-10-05', 66, 10, '', NULL),
(3505, '1', '2', 1, 45, '2021-10-05', 21, 10, '', NULL),
(3506, '1', '2', 2, 45, '2021-10-05', 39, 10, '', NULL),
(3507, '1', '2', 1, 60, '2021-10-05', 56, 10, '', NULL),
(3508, '5', '6', 1, 60, '2021-10-05', 81, 10, '', NULL),
(3509, '4', '4', 2, 60, '2021-10-05', 49, 10, '', NULL),
(3510, '1', '2', 1, 45, '2021-10-05', 69, 10, '', NULL),
(3511, '4', '4', 2, 60, '2021-10-05', 24, 10, '', NULL),
(3512, '5', '6', 1, 60, '2021-10-05', 24, 10, '', NULL),
(3513, '4', '4', 1, 60, '2021-10-05', 95, 10, '', NULL),
(3514, '1', '2', 1, 45, '2021-10-05', 26, 10, '', NULL),
(3516, '5', '6', 1, 60, '2021-10-05', 64, 10, '', NULL),
(3517, '4', '4', 1, 60, '2021-10-05', 85, 10, '', NULL),
(3518, '5', '6', 1, 60, '2021-10-05', 85, 10, '', NULL),
(3519, '1', '2', 2, 45, '2021-10-05', 25, 10, '', NULL),
(3520, '1', '2', 1, 60, '2021-10-05', 29, 10, '', NULL),
(3521, '1', '2', 1, 45, '2021-10-05', 33, 10, '', NULL),
(3522, '4', '4', 1, 60, '2021-10-05', 34, 10, '', NULL),
(3523, '1', '1', 1, 45, '2021-10-05', 28, 10, '', NULL),
(3524, '5', '6', 1, 45, '2021-10-05', 28, 10, '', NULL),
(3525, '5', '5', 1, 60, '2021-10-05', 28, 10, '', NULL),
(3526, '5', '6', 1, 90, '2021-10-05', 90, 10, '', NULL),
(3527, '5', '5', 2, 60, '2021-10-05', 19, 10, '', NULL),
(3528, '5', '5', 2, 60, '2021-10-05', 47, 10, '', NULL),
(3530, '5', '5', 1, 60, '2021-10-05', 55, 10, '', NULL),
(3531, '4', '4', 2, 60, '2021-10-05', 67, 10, '', NULL),
(3533, '5', '5', 1, 60, '2021-10-06', 22, 10, '', NULL),
(3534, '1', '2', 2, 45, '2021-10-06', 80, 10, '', NULL),
(3535, '1', '2', 2, 60, '2021-10-06', 23, 10, '', NULL),
(3536, '5', '6', 1, 90, '2021-10-06', 23, 10, '', NULL),
(3537, '5', '6', 1, 60, '2021-10-06', 23, 10, '', NULL),
(3538, '1', '2', 3, 45, '2021-10-06', 71, 10, '', NULL),
(3539, '1', '2', 1, 45, '2021-10-06', 93, 10, '', NULL),
(3540, '1', '2', 1, 60, '2021-10-06', 56, 10, '', NULL),
(3541, '1', '2', 1, 45, '2021-10-06', 24, 10, '', NULL),
(3542, '7', '10', 1, 60, '2021-10-06', 31, 10, '', NULL),
(3543, '5', '6', 1, 60, '2021-10-06', 31, 10, '', NULL),
(3544, '4', '4', 1, 60, '2021-10-12', 31, 10, '', NULL),
(3545, '1', '2', 1, 60, '2021-10-06', 26, 10, '', NULL),
(3546, '1', '2', 1, 45, '2021-10-06', 42, 10, '', NULL),
(3547, '5', '5', 1, 60, '2021-10-06', 42, 10, '', NULL),
(3548, '5', '6', 1, 90, '2021-10-06', 64, 10, '', NULL),
(3549, '5', '6', 2, 60, '2021-10-06', 85, 10, '', NULL),
(3550, '1', '2', 1, 45, '2021-10-06', 53, 10, '', NULL),
(3551, '4', '4', 1, 60, '2021-10-06', 34, 10, '', NULL),
(3552, '5', '6', 1, 90, '2021-10-06', 34, 10, '', NULL),
(3553, '4', '4', 1, 60, '2021-10-06', 96, 10, '', NULL),
(3554, '5', '5', 1, 60, '2021-10-06', 28, 10, '', NULL),
(3555, '5', '5', 1, 60, '2021-10-06', 18, 10, '', NULL),
(3556, '5', '5', 1, 45, '2021-10-06', 19, 10, '', NULL),
(3559, '5', '6', 2, 90, '2021-10-07', 30, 10, '', NULL),
(3560, '1', '2', 3, 45, '2021-10-07', 30, 10, '', NULL),
(3561, '1', '2', 1, 45, '2021-10-07', 22, 10, '', NULL),
(3562, '5', '6', 1, 60, '2021-10-07', 22, 10, '', NULL),
(3563, '1', '2', 3, 45, '2021-10-07', 71, 10, '', NULL),
(3564, '4', '4', 1, 60, '2021-10-07', 21, 10, '', NULL),
(3565, '1', '2', 2, 45, '2021-10-07', 39, 10, '', NULL),
(3566, '4', '4', 1, 60, '2021-10-07', 81, 10, '', NULL),
(3567, '5', '6', 1, 60, '2021-10-07', 81, 10, '', NULL),
(3568, '1', '2', 1, 45, '2021-10-07', 69, 10, '', NULL),
(3569, '1', '2', 2, 45, '2021-10-07', 24, 10, '', NULL),
(3570, '4', '4', 1, 60, '2021-10-07', 24, 10, '', NULL),
(3571, '5', '5', 1, 45, '2021-10-07', 42, 10, '', NULL),
(3572, '4', '4', 1, 60, '2021-10-07', 65, 10, '', NULL),
(3573, '4', '3', 1, 60, '2021-10-07', 88, 10, '', NULL),
(3574, '1', '2', 2, 45, '2021-10-07', 25, 10, '', NULL),
(3575, '1', '2', 1, 45, '2021-10-07', 29, 10, '', NULL),
(3576, '1', '2', 1, 60, '2021-10-07', 29, 10, '', NULL),
(3577, '5', '5', 1, 60, '2021-10-07', 29, 10, '', NULL),
(3578, '1', '2', 1, 45, '2021-10-07', 53, 10, '', NULL),
(3579, '1', '2', 1, 45, '2021-10-07', 34, 10, '', NULL),
(3580, '4', '4', 1, 60, '2021-10-07', 34, 10, '', NULL),
(3581, '5', '5', 1, 45, '2021-10-07', 28, 10, '', NULL),
(3582, '5', '5', 1, 60, '2021-10-07', 28, 10, '', NULL),
(3583, '5', '5', 1, 60, '2021-10-07', 90, 10, '', NULL),
(3584, '5', '6', 1, 60, '2021-10-07', 90, 10, '', NULL),
(3585, '5', '5', 1, 60, '2021-10-07', 37, 10, '', NULL),
(3586, '5', '6', 1, 90, '2021-10-07', 68, 10, '', NULL),
(3587, '4', '4', 1, 60, '2021-10-07', 68, 10, '', NULL),
(3588, '5', '6', 1, 60, '2021-10-07', 84, 10, '', NULL),
(3590, '1', '2', 1, 45, '2021-10-09', 22, 10, '', NULL),
(3591, '7', '9', 1, 60, '2021-10-09', 22, 10, '', NULL),
(3592, '1', '2', 1, 45, '2021-10-09', 51, 10, '', NULL),
(3593, '1', '2', 4, 45, '2021-10-09', 80, 10, '', NULL),
(3594, '7', '10', 1, 60, '2021-10-09', 23, 10, '', NULL),
(3595, '1', '2', 1, 45, '2021-10-09', 30, 10, '', NULL),
(3596, '1', '2', 1, 60, '2021-10-09', 30, 10, '', NULL),
(3597, '1', '2', 1, 45, '2021-10-09', 71, 10, '', NULL),
(3598, '8', '12', 6, 45, '2021-10-09', 93, 10, '', NULL),
(3599, '1', '2', 2, 45, '2021-10-09', 27, 10, '', NULL),
(3600, '1', '1', 1, 45, '2021-10-09', 27, 10, '', NULL),
(3601, '4', '4', 1, 60, '2021-10-09', 49, 10, '', NULL),
(3602, '5', '6', 1, 90, '2021-10-09', 49, 10, '', NULL),
(3603, '4', '3', 1, 60, '2021-10-09', 74, 10, '', NULL),
(3604, '1', '1', 1, 45, '2021-10-09', 74, 10, '', NULL),
(3605, '1', '2', 1, 45, '2021-10-09', 40, 10, '', NULL),
(3606, '7', '9', 1, 60, '2021-10-09', 25, 10, '', NULL),
(3607, '7', '9', 1, 60, '2021-10-09', 29, 10, '', NULL),
(3608, '1', '2', 1, 45, '2021-10-09', 29, 10, 'Actualizado por Lourdes Andrea Torres Padilla', NULL),
(3609, '1', '1', 1, 60, '2021-10-09', 91, 10, '', NULL),
(3610, '1', '1', 1, 45, '2021-10-09', 38, 10, '', NULL),
(3611, '1', '2', 2, 45, '2021-10-09', 33, 10, '', NULL),
(3612, '7', '10', 1, 60, '2021-10-09', 34, 10, '', NULL),
(3613, '1', '1', 1, 45, '2021-10-09', 28, 10, '', NULL),
(3614, '5', '5', 1, 60, '2021-10-09', 20, 10, '', NULL),
(3615, '1', '1', 1, 60, '2021-10-09', 90, 10, '', NULL),
(3616, '5', '6', 1, 90, '2021-10-09', 90, 10, '', NULL),
(3618, '1', '2', 1, 45, '2021-10-09', 40, 10, '', NULL),
(3619, '4', '3', 1, 60, '2021-10-09', 97, 10, '', NULL),
(3620, '1', '2', 2, 45, '2021-10-10', 80, 10, '', NULL),
(3621, '1', '1', 1, 45, '2021-10-10', 80, 10, '', NULL),
(3622, '5', '6', 2, 60, '2021-10-10', 23, 10, '', NULL),
(3623, '4', '4', 1, 60, '2021-10-10', 23, 10, '', NULL),
(3624, '1', '2', 1, 45, '2021-10-10', 27, 10, '', NULL),
(3625, '1', '2', 1, 45, '2021-10-10', 21, 10, '', NULL),
(3626, '4', '4', 1, 60, '2021-10-10', 24, 10, '', NULL),
(3627, '1', '2', 1, 45, '2021-10-10', 24, 10, '', NULL),
(3628, '5', '6', 2, 60, '2021-10-10', 32, 10, '', NULL),
(3629, '4', '3', 1, 60, '2021-10-10', 74, 10, '', NULL),
(3630, '4', '3', 1, 60, '2021-10-10', 70, 10, '', NULL),
(3631, '1', '2', 1, 45, '2021-10-10', 25, 10, '', NULL),
(3632, '1', '1', 1, 45, '2021-10-10', 25, 10, '', NULL),
(3633, '1', '2', 1, 45, '2021-10-10', 34, 10, '', NULL),
(3634, '1', '1', 1, 60, '2021-10-10', 28, 10, '', NULL),
(3635, '4', '3', 1, 90, '2021-10-10', 86, 10, '', NULL),
(3636, '4', '3', 2, 60, '2021-10-10', 50, 10, '', NULL),
(3637, '4', '3', 1, 60, '2021-10-10', 55, 10, '', NULL),
(3638, '1', '2', 2, 45, '2021-10-11', 51, 10, '', NULL),
(3639, '1', '2', 3, 45, '2021-10-11', 22, 10, '', NULL),
(3640, '1', '2', 2, 45, '2021-10-11', 71, 10, '', NULL),
(3641, '1', '2', 1, 60, '2021-10-11', 71, 10, '', NULL),
(3642, '1', '2', 2, 45, '2021-10-11', 93, 10, '', NULL),
(3643, '5', '6', 1, 90, '2021-10-11', 49, 10, '', NULL),
(3644, '4', '4', 1, 60, '2021-10-11', 69, 10, '', NULL),
(3645, '5', '6', 1, 90, '2021-10-11', 69, 10, '', NULL),
(3646, '4', '4', 2, 60, '2021-10-11', 24, 10, '', NULL),
(3647, '5', '6', 1, 60, '2021-10-11', 24, 10, '', NULL),
(3649, '1', '2', 1, 60, '2021-10-11', 26, 10, '', NULL),
(3650, '5', '5', 1, 45, '2021-10-11', 26, 10, '', NULL),
(3651, '1', '2', 1, 45, '2021-10-11', 40, 10, '', NULL),
(3652, '1', '2', 1, 60, '2021-10-11', 53, 10, '', NULL),
(3653, '1', '2', 1, 45, '2021-10-11', 34, 10, '', NULL),
(3654, '1', '2', 3, 45, '2021-10-11', 16, 10, '', NULL),
(3655, '5', '5', 1, 60, '2021-10-11', 82, 10, '', NULL),
(3656, '5', '5', 2, 45, '2021-10-11', 18, 10, '', NULL),
(3657, '5', '5', 1, 45, '2021-10-11', 90, 10, '', NULL),
(3658, '5', '5', 1, 45, '2021-10-11', 37, 10, '', NULL),
(3659, '5', '5', 1, 90, '2021-10-11', 55, 10, '', NULL),
(3660, '5', '6', 2, 60, '2021-10-12', 22, 10, '', NULL),
(3661, '1', '2', 2, 45, '2021-10-12', 22, 10, '', NULL),
(3662, '1', '2', 3, 45, '2021-10-12', 80, 10, '', NULL),
(3663, '1', '2', 2, 45, '2021-10-12', 71, 10, '', NULL),
(3664, '1', '2', 1, 45, '2021-10-12', 21, 10, '', NULL),
(3665, '1', '2', 2, 45, '2021-10-12', 39, 10, '', NULL),
(3666, '1', '2', 1, 60, '2021-10-12', 56, 10, '', NULL),
(3667, '5', '6', 1, 60, '2021-10-12', 81, 10, '', NULL),
(3668, '4', '4', 2, 60, '2021-10-12', 49, 10, '', NULL),
(3669, '1', '2', 1, 45, '2021-10-12', 69, 10, '', NULL),
(3670, '4', '4', 2, 60, '2021-10-12', 24, 10, '', NULL),
(3671, '5', '6', 1, 60, '2021-10-12', 24, 10, '', NULL),
(3672, '1', '2', 1, 45, '2021-10-12', 26, 10, '', NULL),
(3673, '5', '5', 1, 90, '2021-10-12', 26, 10, '', NULL),
(3674, '5', '6', 1, 60, '2021-10-12', 64, 10, '', NULL),
(3675, '4', '4', 1, 60, '2021-10-12', 85, 10, '', NULL),
(3676, '1', '2', 1, 45, '2021-10-12', 25, 10, '', NULL),
(3677, '1', '2', 2, 45, '2021-10-12', 29, 10, '', NULL),
(3678, '1', '2', 1, 45, '2021-10-12', 33, 10, '', NULL),
(3679, '4', '4', 1, 60, '2021-10-12', 34, 10, '', NULL),
(3680, '5', '5', 1, 45, '2021-10-12', 28, 10, '', NULL),
(3681, '1', '1', 1, 45, '2021-10-12', 28, 10, '', NULL),
(3682, '5', '5', 1, 60, '2021-10-12', 28, 10, '', NULL),
(3683, '5', '5', 2, 60, '2021-10-12', 19, 10, '', NULL),
(3684, '5', '5', 2, 60, '2021-10-12', 47, 10, '', NULL),
(3685, '5', '5', 1, 60, '2021-10-12', 55, 10, '', NULL),
(3686, '4', '4', 2, 60, '2021-10-12', 67, 10, '', NULL),
(3687, '4', '4', 1, 60, '2021-10-12', 95, 10, '', NULL),
(3688, '1', '2', 9, 45, '2021-10-14', 0, 0, '', NULL),
(3689, '5', '5', 1, 60, '2021-10-13', 22, 10, '', NULL),
(3690, '1', '2', 2, 45, '2021-10-13', 80, 10, '', NULL),
(3691, '5', '6', 1, 90, '2021-10-13', 23, 10, '', NULL),
(3692, '5', '6', 1, 60, '2021-10-13', 23, 10, '', NULL),
(3693, '1', '2', 2, 60, '2021-10-13', 23, 10, '', NULL),
(3694, '1', '2', 3, 45, '2021-10-13', 71, 10, '', NULL),
(3695, '1', '2', 1, 45, '2021-10-13', 93, 10, '', NULL),
(3696, '1', '2', 1, 60, '2021-10-13', 56, 10, '', NULL),
(3697, '5', '6', 1, 90, '2021-10-13', 69, 10, '', NULL),
(3698, '1', '2', 1, 45, '2021-10-13', 24, 10, '', NULL),
(3699, '4', '4', 1, 60, '2021-10-13', 31, 10, '', NULL),
(3700, '5', '6', 2, 60, '2021-10-13', 31, 10, '', NULL),
(3701, '7', '10', 1, 60, '2021-10-13', 31, 10, '', NULL),
(3702, '1', '2', 1, 60, '2021-10-13', 26, 10, '', NULL),
(3703, '5', '5', 1, 60, '2021-10-13', 42, 10, '', NULL),
(3704, '5', '6', 1, 90, '2021-10-13', 64, 10, '', NULL),
(3705, '5', '6', 1, 60, '2021-10-13', 85, 10, '', NULL),
(3706, '1', '2', 1, 45, '2021-10-13', 53, 10, '', NULL),
(3707, '5', '6', 1, 90, '2021-10-13', 34, 10, '', NULL),
(3708, '5', '5', 1, 60, '2021-10-13', 28, 10, '', NULL),
(3709, '5', '5', 1, 60, '2021-10-13', 18, 10, '', NULL),
(3710, '5', '5', 1, 45, '2021-10-13', 19, 10, '', NULL),
(3711, '1', '2', 1, 45, '2021-10-13', 71, 10, '', NULL),
(3712, '1', '2', 1, 45, '2021-10-01', 98, 10, '', NULL),
(3713, '1', '1', 1, 60, '2021-10-04', 98, 10, '', NULL),
(3714, '4', '3', 1, 60, '2021-10-06', 98, 10, '', NULL),
(3715, '5', '6', 1, 60, '2021-10-08', 98, 10, '', NULL),
(3716, '7', '9', 1, 60, '2021-10-14', 98, 10, '', NULL),
(3717, '1', '2', 1, 45, '2021-10-14', 22, 10, '', NULL);
INSERT INTO `curso` (`id_curso`, `categoria`, `tipo`, `cantidad`, `tiempo`, `fecha`, `id_pro`, `id_mes`, `modificado`, `modo`) VALUES
(3718, '5', '6', 2, 90, '2021-10-14', 30, 10, '', NULL),
(3719, '1', '2', 2, 45, '2021-10-14', 30, 10, '', NULL),
(3720, '1', '2', 2, 45, '2021-10-14', 71, 10, '', NULL),
(3721, '4', '4', 1, 60, '2021-10-14', 21, 10, '', NULL),
(3722, '1', '2', 2, 45, '2021-10-14', 39, 10, '', NULL),
(3723, '4', '4', 2, 60, '2021-10-14', 81, 10, '', NULL),
(3724, '5', '6', 1, 60, '2021-10-14', 81, 10, '', NULL),
(3725, '1', '2', 1, 45, '2021-10-14', 69, 10, '', NULL),
(3726, '1', '2', 2, 45, '2021-10-14', 24, 10, '', NULL),
(3727, '4', '4', 1, 60, '2021-10-14', 24, 10, '', NULL),
(3728, '5', '5', 1, 45, '2021-10-14', 42, 10, '', NULL),
(3730, '4', '3', 1, 60, '2021-10-14', 88, 10, '', NULL),
(3731, '1', '2', 2, 45, '2021-10-14', 25, 10, '', NULL),
(3732, '1', '2', 1, 45, '2021-10-14', 29, 10, '', NULL),
(3733, '5', '5', 1, 60, '2021-10-14', 29, 10, '', NULL),
(3734, '1', '2', 2, 45, '2021-10-14', 53, 10, '', NULL),
(3735, '4', '4', 1, 60, '2021-10-14', 34, 10, '', NULL),
(3736, '5', '5', 1, 45, '2021-10-14', 28, 10, '', NULL),
(3737, '5', '5', 1, 60, '2021-10-14', 28, 10, '', NULL),
(3738, '5', '5', 1, 60, '2021-10-14', 90, 10, '', NULL),
(3739, '5', '6', 1, 60, '2021-10-14', 90, 10, '', NULL),
(3740, '5', '5', 1, 60, '2021-10-14', 37, 10, '', NULL),
(3741, '5', '6', 1, 90, '2021-10-14', 68, 10, '', NULL),
(3742, '4', '4', 1, 60, '2021-10-14', 68, 10, '', NULL),
(3743, '5', '6', 1, 60, '2021-10-14', 84, 10, '', NULL),
(3744, '1', '2', 1, 45, '2021-10-15', 0, 0, '', NULL),
(3745, '1', '2', 10, 45, '2021-10-15', 0, 0, '', NULL),
(3747, '1', '2', 2, 45, '2021-10-15', 80, 10, '', NULL),
(3748, '1', '2', 1, 60, '2021-10-15', 80, 10, '', NULL),
(3749, '1', '2', 1, 45, '2021-10-15', 30, 10, '', NULL),
(3750, '1', '2', 2, 45, '2021-10-15', 71, 10, '', NULL),
(3751, '1', '2', 1, 60, '2021-10-15', 71, 10, '', NULL),
(3752, '1', '2', 1, 45, '2021-10-15', 24, 10, '', NULL),
(3753, '5', '6', 1, 60, '2021-10-15', 24, 10, '', NULL),
(3754, '4', '4', 1, 60, '2021-10-15', 24, 10, '', NULL),
(3755, '1', '1', 1, 60, '2021-10-15', 42, 10, '', NULL),
(3756, '5', '5', 2, 60, '2021-10-15', 42, 10, '', NULL),
(3757, '5', '6', 1, 60, '2021-10-15', 85, 10, '', NULL),
(3758, '1', '2', 1, 45, '2021-10-15', 40, 10, '', NULL),
(3759, '1', '2', 1, 60, '2021-10-15', 40, 10, '', NULL),
(3760, '5', '6', 1, 90, '2021-10-15', 29, 10, '', NULL),
(3761, '1', '2', 1, 45, '2021-10-15', 33, 10, '', NULL),
(3762, '1', '2', 1, 45, '2021-10-15', 34, 10, '', NULL),
(3763, '4', '4', 2, 60, '2021-10-15', 96, 10, 'Actualizado por Lourdes Andrea Torres Padilla', NULL),
(3764, '1', '2', 2, 45, '2021-10-15', 16, 10, '', NULL),
(3765, '5', '5', 1, 60, '2021-10-15', 82, 10, '', NULL),
(3766, '1', '1', 1, 60, '2021-10-15', 28, 10, '', NULL),
(3767, '5', '5', 4, 45, '2021-10-15', 18, 10, '', NULL),
(3768, '5', '5', 1, 45, '2021-10-15', 55, 10, '', NULL),
(3769, '5', '6', 1, 90, '2021-10-15', 43, 10, '', NULL),
(3770, '1', '2', 1, 45, '2021-10-15', 34, 10, '', NULL),
(3771, '5', '6', 1, 90, '2021-10-15', 92, 10, '', NULL),
(3772, '5', '6', 1, 60, '2021-10-15', 22, 10, '', NULL),
(3773, '1', '2', 1, 45, '2021-10-16', 51, 10, '', NULL),
(3774, '1', '2', 1, 45, '2021-10-16', 22, 10, '', NULL),
(3775, '7', '9', 1, 60, '2021-10-16', 22, 10, '', NULL),
(3776, '1', '2', 4, 45, '2021-10-16', 80, 10, '', NULL),
(3777, '7', '10', 1, 60, '2021-10-16', 23, 10, '', NULL),
(3778, '1', '2', 1, 45, '2021-10-16', 71, 10, '', NULL),
(3779, '8', '12', 3, 45, '2021-10-16', 93, 10, '', NULL),
(3780, '1', '1', 1, 45, '2021-10-16', 27, 10, '', NULL),
(3781, '1', '2', 1, 45, '2021-10-16', 27, 10, '', NULL),
(3782, '1', '2', 1, 45, '2021-10-16', 39, 10, '', NULL),
(3783, '4', '4', 1, 60, '2021-10-16', 49, 10, '', NULL),
(3784, '5', '6', 1, 90, '2021-10-16', 49, 10, '', NULL),
(3785, '8', '12', 3, 45, '2021-10-16', 35, 10, '', NULL),
(3787, '1', '1', 1, 45, '2021-10-16', 74, 10, '', NULL),
(3788, '4', '3', 1, 60, '2021-10-16', 74, 10, '', NULL),
(3789, '1', '2', 2, 45, '2021-10-16', 40, 10, '', NULL),
(3790, '8', '12', 2, 45, '2021-10-16', 25, 10, '', NULL),
(3791, '7', '9', 1, 60, '2021-10-16', 25, 10, '', NULL),
(3792, '7', '9', 1, 60, '2021-10-16', 29, 10, '', NULL),
(3793, '1', '2', 2, 45, '2021-10-16', 29, 10, '', NULL),
(3794, '5', '5', 1, 45, '2021-10-16', 29, 10, '', NULL),
(3795, '1', '1', 1, 60, '2021-10-16', 91, 10, '', NULL),
(3796, '1', '1', 1, 45, '2021-10-16', 38, 10, '', NULL),
(3797, '1', '2', 1, 45, '2021-10-16', 33, 10, '', NULL),
(3798, '7', '10', 1, 60, '2021-10-16', 34, 10, '', NULL),
(3799, '4', '4', 1, 60, '2021-10-16', 96, 10, '', NULL),
(3800, '1', '1', 2, 45, '2021-10-16', 28, 10, '', NULL),
(3801, '5', '5', 1, 60, '2021-10-16', 20, 10, '', NULL),
(3802, '1', '1', 1, 60, '2021-10-16', 90, 10, '', NULL),
(3803, '5', '5', 1, 90, '2021-10-16', 90, 10, '', NULL),
(3804, '4', '3', 1, 60, '2021-10-16', 19, 10, '', NULL),
(3805, '4', '3', 1, 60, '2021-10-16', 97, 10, '', NULL),
(3807, '5', '6', 1, 60, '2021-10-17', 23, 10, '', NULL),
(3808, '1', '2', 1, 45, '2021-10-17', 27, 10, '', NULL),
(3809, '4', '4', 1, 60, '2021-10-17', 24, 10, '', NULL),
(3810, '1', '2', 1, 45, '2021-10-17', 24, 10, '', NULL),
(3811, '5', '6', 2, 60, '2021-10-17', 32, 10, '', NULL),
(3812, '4', '3', 1, 60, '2021-10-17', 70, 10, '', NULL),
(3813, '1', '1', 1, 45, '2021-10-17', 25, 10, '', NULL),
(3814, '1', '2', 1, 45, '2021-10-17', 25, 10, '', NULL),
(3815, '1', '1', 1, 60, '2021-10-17', 28, 10, '', NULL),
(3816, '4', '4', 1, 60, '2021-10-17', 86, 10, '', NULL),
(3817, '4', '3', 1, 60, '2021-10-17', 50, 10, '', NULL),
(3818, '4', '3', 1, 60, '2021-10-17', 55, 10, '', NULL),
(3819, '1', '1', 1, 45, '2021-10-17', 80, 10, '', NULL),
(3820, '1', '2', 1, 45, '2021-10-17', 80, 10, '', NULL),
(3821, '1', '2', 2, 45, '2021-10-18', 51, 10, '', NULL),
(3822, '1', '2', 3, 45, '2021-10-18', 22, 10, '', NULL),
(3823, '1', '2', 2, 45, '2021-10-18', 71, 10, '', NULL),
(3824, '1', '2', 1, 60, '2021-10-18', 71, 10, '', NULL),
(3825, '1', '2', 2, 45, '2021-10-18', 93, 10, '', NULL),
(3826, '5', '6', 1, 90, '2021-10-18', 49, 10, '', NULL),
(3827, '1', '2', 1, 45, '2021-10-18', 69, 10, '', NULL),
(3828, '4', '4', 1, 60, '2021-10-18', 69, 10, '', NULL),
(3829, '4', '4', 2, 60, '2021-10-18', 24, 10, '', NULL),
(3830, '5', '6', 1, 60, '2021-10-18', 24, 10, '', NULL),
(3831, '1', '2', 1, 60, '2021-10-18', 24, 10, '', NULL),
(3832, '5', '6', 1, 90, '2021-10-18', 92, 10, '', NULL),
(3833, '1', '2', 1, 60, '2021-10-18', 26, 10, '', NULL),
(3834, '5', '5', 1, 45, '2021-10-18', 26, 10, '', NULL),
(3835, '1', '2', 1, 45, '2021-10-18', 16, 10, '', NULL),
(3836, '5', '5', 1, 60, '2021-10-18', 82, 10, '', NULL),
(3837, '5', '5', 2, 45, '2021-10-18', 18, 10, '', NULL),
(3838, '5', '5', 1, 45, '2021-10-18', 90, 10, '', NULL),
(3839, '5', '5', 1, 45, '2021-10-18', 37, 10, '', NULL),
(3840, '5', '6', 2, 60, '2021-10-19', 22, 10, '', NULL),
(3841, '1', '2', 2, 45, '2021-10-19', 22, 10, '', NULL),
(3842, '1', '2', 4, 45, '2021-10-19', 80, 10, '', NULL),
(3843, '1', '2', 3, 45, '2021-10-19', 71, 10, '', NULL),
(3844, '5', '6', 1, 90, '2021-10-19', 66, 10, '', NULL),
(3845, '1', '2', 2, 45, '2021-10-19', 39, 10, '', NULL),
(3846, '5', '6', 1, 60, '2021-10-19', 81, 10, '', NULL),
(3847, '4', '4', 2, 60, '2021-10-19', 49, 10, '', NULL),
(3848, '4', '4', 2, 60, '2021-10-19', 24, 10, '', NULL),
(3849, '5', '6', 1, 60, '2021-10-19', 24, 10, '', NULL),
(3850, '6', '8', 1, 60, '2021-10-19', 24, 10, '', NULL),
(3851, '4', '4', 1, 60, '2021-10-19', 95, 10, '', NULL),
(3852, '1', '2', 1, 45, '2021-10-19', 26, 10, '', NULL),
(3853, '5', '5', 1, 90, '2021-10-19', 26, 10, '', NULL),
(3854, '5', '6', 1, 60, '2021-10-19', 64, 10, '', NULL),
(3855, '4', '4', 1, 60, '2021-10-19', 85, 10, '', NULL),
(3856, '5', '6', 1, 60, '2021-10-19', 85, 10, '', NULL),
(3857, '1', '2', 1, 45, '2021-10-19', 25, 10, '', NULL),
(3858, '1', '2', 2, 45, '2021-10-19', 29, 10, '', NULL),
(3859, '4', '4', 1, 60, '2021-10-19', 34, 10, '', NULL),
(3860, '5', '5', 1, 45, '2021-10-19', 28, 10, '', NULL),
(3861, '5', '5', 1, 60, '2021-10-19', 28, 10, '', NULL),
(3862, '1', '1', 1, 45, '2021-10-19', 28, 10, '', NULL),
(3863, '5', '5', 2, 60, '2021-10-19', 19, 10, '', NULL),
(3864, '5', '5', 2, 45, '2021-10-19', 47, 10, '', NULL),
(3865, '4', '4', 2, 60, '2021-10-19', 67, 10, '', NULL),
(3866, '1', '2', 3, 45, '2021-10-20', 71, 10, '', NULL),
(3867, '5', '5', 1, 60, '2021-10-20', 22, 10, '', NULL),
(3868, '1', '2', 2, 45, '2021-10-20', 80, 10, '', NULL),
(3869, '5', '6', 1, 60, '2021-10-20', 23, 10, '', NULL),
(3870, '1', '2', 2, 60, '2021-10-20', 23, 10, '', NULL),
(3871, '1', '2', 2, 45, '2021-10-20', 24, 10, '', NULL),
(3872, '5', '6', 2, 60, '2021-10-20', 31, 10, '', NULL),
(3873, '7', '10', 1, 60, '2021-10-20', 31, 10, '', NULL),
(3874, '4', '4', 1, 60, '2021-10-20', 31, 10, '', NULL),
(3875, '1', '2', 1, 60, '2021-10-20', 26, 10, '', NULL),
(3876, '5', '5', 1, 60, '2021-10-20', 42, 10, '', NULL),
(3877, '5', '6', 1, 90, '2021-10-20', 64, 10, '', NULL),
(3878, '5', '6', 1, 60, '2021-10-20', 85, 10, '', NULL),
(3879, '6', '7', 1, 60, '2021-10-20', 29, 10, '', NULL),
(3880, '1', '2', 1, 45, '2021-10-20', 53, 10, '', NULL),
(3881, '6', '8', 1, 60, '2021-10-20', 34, 10, '', NULL),
(3882, '5', '6', 1, 60, '2021-10-20', 34, 10, '', NULL),
(3883, '4', '4', 1, 60, '2021-10-20', 96, 10, '', NULL),
(3884, '5', '5', 1, 60, '2021-10-20', 28, 10, '', NULL),
(3885, '5', '5', 1, 60, '2021-10-20', 18, 10, '', NULL),
(3886, '5', '5', 1, 45, '2021-10-20', 19, 10, '', NULL),
(3887, '6', '7', 1, 60, '2021-10-20', 37, 10, '', NULL),
(3888, '1', '2', 1, 45, '2021-10-20', 53, 10, '', NULL),
(3889, '5', '6', 1, 90, '2021-10-21', 22, 10, '', NULL),
(3890, '1', '2', 4, 45, '2021-10-21', 22, 10, '', NULL),
(3891, '6', '7', 1, 60, '2021-10-21', 22, 10, '', NULL),
(3892, '5', '6', 2, 90, '2021-10-21', 30, 10, 'Actualizado por Lourdes Andrea Torres Padilla', NULL),
(3893, '1', '2', 2, 45, '2021-10-21', 30, 10, '', NULL),
(3894, '1', '2', 3, 45, '2021-10-21', 71, 10, '', NULL),
(3895, '4', '4', 1, 60, '2021-10-21', 21, 10, '', NULL),
(3896, '1', '2', 2, 45, '2021-10-21', 39, 10, '', NULL),
(3897, '4', '4', 2, 60, '2021-10-21', 81, 10, '', NULL),
(3898, '1', '2', 1, 45, '2021-10-21', 69, 10, '', NULL),
(3899, '1', '2', 3, 45, '2021-10-21', 24, 10, '', NULL),
(3900, '4', '4', 1, 60, '2021-10-21', 24, 10, '', NULL),
(3901, '6', '8', 2, 60, '2021-10-21', 24, 10, '', NULL),
(3902, '5', '5', 1, 45, '2021-10-21', 42, 10, '', NULL),
(3903, '6', '7', 1, 60, '2021-10-21', 42, 10, '', NULL),
(3904, '4', '3', 1, 60, '2021-10-21', 88, 10, '', NULL),
(3905, '1', '2', 1, 45, '2021-10-21', 25, 10, '', NULL),
(3906, '6', '7', 1, 60, '2021-10-21', 25, 10, '', NULL),
(3907, '1', '2', 1, 45, '2021-10-21', 29, 10, '', NULL),
(3908, '5', '5', 1, 60, '2021-10-21', 29, 10, '', NULL),
(3909, '1', '2', 2, 45, '2021-10-21', 53, 10, '', NULL),
(3910, '1', '2', 1, 45, '2021-10-21', 34, 10, '', NULL),
(3911, '4', '4', 1, 60, '2021-10-21', 34, 10, '', NULL),
(3912, '5', '5', 1, 45, '2021-10-21', 28, 10, '', NULL),
(3913, '5', '5', 2, 60, '2021-10-21', 28, 10, '', NULL),
(3914, '5', '5', 1, 60, '2021-10-21', 90, 10, '', NULL),
(3915, '5', '6', 1, 60, '2021-10-21', 90, 10, '', NULL),
(3916, '5', '5', 1, 60, '2021-10-21', 37, 10, '', NULL),
(3917, '5', '6', 1, 90, '2021-10-21', 68, 10, '', NULL),
(3918, '4', '4', 1, 60, '2021-10-21', 68, 10, '', NULL),
(3919, '1', '2', 1, 45, '2021-10-22', 51, 10, '', NULL),
(3920, '5', '6', 1, 60, '2021-10-22', 22, 10, '', NULL),
(3921, '1', '2', 2, 45, '2021-10-22', 80, 10, '', NULL),
(3922, '1', '2', 1, 60, '2021-10-22', 80, 10, '', NULL),
(3923, '1', '2', 1, 45, '2021-10-22', 30, 10, '', NULL),
(3924, '1', '2', 3, 45, '2021-10-22', 71, 10, '', NULL),
(3925, '1', '2', 1, 60, '2021-10-22', 71, 10, '', NULL),
(3926, '1', '2', 1, 45, '2021-10-22', 93, 10, '', NULL),
(3927, '4', '4', 1, 60, '2021-10-22', 24, 10, '', NULL),
(3928, '5', '6', 1, 60, '2021-10-22', 24, 10, '', NULL),
(3929, '1', '2', 1, 45, '2021-10-22', 24, 10, '', NULL),
(3930, '1', '1', 1, 60, '2021-10-22', 42, 10, '', NULL),
(3931, '5', '5', 2, 60, '2021-10-22', 42, 10, '', NULL),
(3932, '5', '6', 1, 60, '2021-10-22', 85, 10, '', NULL),
(3933, '6', '7', 1, 60, '2021-10-22', 85, 10, '', NULL),
(3934, '1', '2', 1, 45, '2021-10-22', 40, 10, '', NULL),
(3935, '1', '2', 1, 60, '2021-10-22', 40, 10, '', NULL),
(3936, '1', '2', 1, 45, '2021-10-22', 25, 10, '', NULL),
(3937, '5', '6', 1, 90, '2021-10-22', 29, 10, '', NULL),
(3938, '5', '5', 1, 45, '2021-10-22', 29, 10, '', NULL),
(3939, '6', '7', 1, 60, '2021-10-22', 29, 10, '', NULL),
(3940, '1', '2', 1, 45, '2021-10-22', 33, 10, '', NULL),
(3941, '1', '2', 1, 45, '2021-10-22', 34, 10, '', NULL),
(3942, '4', '4', 1, 60, '2021-10-22', 96, 10, '', NULL),
(3943, '1', '2', 1, 45, '2021-10-22', 16, 10, '', NULL),
(3944, '5', '5', 1, 60, '2021-10-22', 82, 10, '', NULL),
(3945, '1', '1', 1, 60, '2021-10-22', 28, 10, '', NULL),
(3946, '6', '7', 1, 60, '2021-10-22', 28, 10, '', NULL),
(3947, '5', '5', 4, 45, '2021-10-22', 18, 10, '', NULL),
(3948, '6', '7', 1, 60, '2021-10-22', 18, 10, '', NULL),
(3949, '5', '5', 1, 45, '2021-10-22', 55, 10, '', NULL),
(3950, '5', '6', 1, 90, '2021-10-22', 43, 10, '', NULL),
(3951, '1', '2', 1, 45, '2021-10-23', 51, 10, '', NULL),
(3952, '7', '9', 1, 60, '2021-10-23', 22, 10, '', NULL),
(3953, '1', '2', 2, 45, '2021-10-23', 80, 10, '', NULL),
(3954, '7', '10', 1, 60, '2021-10-23', 23, 10, '', NULL),
(3955, '6', '8', 1, 60, '2021-10-23', 23, 10, '', NULL),
(3956, '1', '2', 1, 45, '2021-10-23', 71, 10, '', NULL),
(3957, '8', '12', 4, 45, '2021-10-23', 93, 10, '', NULL),
(3958, '1', '2', 2, 45, '2021-10-23', 27, 10, '', NULL),
(3959, '1', '1', 1, 45, '2021-10-23', 27, 10, '', NULL),
(3960, '1', '2', 1, 45, '2021-10-23', 39, 10, '', NULL),
(3961, '4', '4', 1, 60, '2021-10-23', 49, 10, '', NULL),
(3962, '5', '6', 1, 90, '2021-10-23', 49, 10, '', NULL),
(3963, '1', '1', 1, 45, '2021-10-23', 74, 10, '', NULL),
(3964, '4', '3', 1, 60, '2021-10-23', 74, 10, '', NULL),
(3965, '5', '6', 1, 60, '2021-10-23', 85, 10, '', NULL),
(3966, '1', '2', 1, 45, '2021-10-23', 40, 10, '', NULL),
(3967, '8', '12', 3, 45, '2021-10-23', 25, 10, '', NULL),
(3968, '7', '9', 1, 60, '2021-10-23', 25, 10, '', NULL),
(3969, '7', '9', 1, 60, '2021-10-23', 29, 10, '', NULL),
(3970, '1', '2', 2, 45, '2021-10-23', 29, 10, '', NULL),
(3971, '1', '1', 1, 60, '2021-10-23', 91, 10, '', NULL),
(3972, '1', '1', 1, 45, '2021-10-23', 38, 10, '', NULL),
(3973, '1', '2', 2, 45, '2021-10-23', 33, 10, '', NULL),
(3974, '7', '10', 1, 60, '2021-10-23', 34, 10, '', NULL),
(3975, '1', '1', 2, 45, '2021-10-23', 28, 10, '', NULL),
(3976, '5', '6', 1, 90, '2021-10-23', 90, 10, '', NULL),
(3977, '1', '1', 1, 60, '2021-10-23', 90, 10, '', NULL),
(3978, '4', '3', 1, 60, '2021-10-23', 97, 10, '', NULL),
(3979, '8', '12', 4, 45, '2021-10-23', 35, 10, '', NULL),
(3980, '1', '2', 1, 45, '2021-10-24', 80, 10, '', NULL),
(3981, '1', '1', 1, 45, '2021-10-24', 80, 10, '', NULL),
(3982, '5', '6', 2, 60, '2021-10-24', 23, 10, '', NULL),
(3983, '1', '2', 1, 45, '2021-10-24', 27, 10, '', NULL),
(3984, '4', '4', 1, 60, '2021-10-24', 24, 10, '', NULL),
(3985, '5', '6', 2, 60, '2021-10-24', 32, 10, '', NULL),
(3986, '4', '3', 1, 60, '2021-10-24', 70, 10, '', NULL),
(3987, '1', '1', 1, 45, '2021-10-24', 25, 10, '', NULL),
(3988, '1', '2', 1, 45, '2021-10-24', 25, 10, '', NULL),
(3989, '1', '1', 1, 60, '2021-10-24', 28, 10, '', NULL),
(3990, '4', '3', 1, 60, '2021-10-24', 86, 10, '', NULL),
(3991, '4', '3', 1, 60, '2021-10-24', 50, 10, '', NULL),
(3992, '4', '3', 1, 60, '2021-10-24', 55, 10, '', NULL),
(3993, '1', '2', 2, 45, '2021-10-25', 51, 10, '', NULL),
(3994, '1', '2', 3, 45, '2021-10-25', 22, 10, '', NULL),
(3995, '1', '2', 1, 45, '2021-10-25', 71, 10, '', NULL),
(3996, '1', '2', 1, 60, '2021-10-25', 71, 10, '', NULL),
(3997, '1', '2', 2, 45, '2021-10-25', 93, 10, '', NULL),
(3998, '5', '6', 1, 90, '2021-10-25', 49, 10, '', NULL),
(3999, '1', '2', 1, 45, '2021-10-25', 69, 10, '', NULL),
(4000, '4', '4', 2, 60, '2021-10-25', 24, 10, '', NULL),
(4001, '5', '6', 1, 60, '2021-10-25', 24, 10, '', NULL),
(4002, '5', '5', 1, 45, '2021-10-25', 26, 10, '', NULL),
(4003, '1', '2', 1, 60, '2021-10-25', 40, 10, '', NULL),
(4004, '1', '2', 1, 60, '2021-10-25', 53, 10, '', NULL),
(4005, '1', '2', 2, 45, '2021-10-25', 34, 10, '', NULL),
(4006, '5', '5', 1, 60, '2021-10-25', 82, 10, '', NULL),
(4007, '5', '5', 2, 45, '2021-10-25', 18, 10, '', NULL),
(4008, '5', '5', 1, 45, '2021-10-25', 90, 10, '', NULL),
(4009, '5', '5', 1, 45, '2021-10-25', 37, 10, '', NULL),
(4010, '5', '5', 1, 90, '2021-10-25', 55, 10, '', NULL),
(4011, '1', '2', 1, 60, '2021-10-25', 21, 10, '', NULL),
(4012, '2', '-', 3, 90, '2021-10-28', 15, 7, '', '1'),
(4013, '2', '-', 22, 45, '2021-10-28', 15, 7, '', '1'),
(4014, '1', '2', 99, 45, '2021-10-28', 15, 7, '', '2'),
(4015, '2', '-', 98, 45, '2021-10-28', 15, 7, '', '1'),
(4016, '2', '-', 0, 45, '2021-10-28', 15, 7, '', '2'),
(4017, '4', '3', 4, 45, '2021-10-28', 15, 7, '', '1'),
(4018, '6', '7', 41, 45, '2021-10-28', 15, 7, 'Actualizado por Chacho Chacho', '2'),
(4019, '1', '1', 21, 45, '2021-10-28', 16, 7, '', '1'),
(4020, '1', '2', 1, 45, '2021-10-28', 16, 7, '', '1'),
(4021, '5', '5', 21, 45, '2021-10-28', 16, 7, '', '2');

-- --------------------------------------------------------

--
-- Estructura de tabla para la tabla `eventos`
--

CREATE TABLE `eventos` (
  `id` int(11) NOT NULL,
  `title` varchar(225) DEFAULT NULL,
  `nota` varchar(225) DEFAULT NULL,
  `id_profe` int(3) DEFAULT NULL,
  `id_alumno` int(3) DEFAULT NULL,
  `curso` varchar(225) DEFAULT NULL,
  `color` varchar(225) DEFAULT NULL,
  `textColor` varchar(225) DEFAULT NULL,
  `fecha_start` datetime DEFAULT NULL,
  `fecha_end` datetime DEFAULT NULL
) ENGINE=InnoDB DEFAULT CHARSET=utf8mb4;

--
-- Volcado de datos para la tabla `eventos`
--

INSERT INTO `eventos` (`id`, `title`, `nota`, `id_profe`, `id_alumno`, `curso`, `color`, `textColor`, `fecha_start`, `fecha_end`) VALUES
(1, 'Clase 1', 'Se trabajara las siguientes clases : adasda, sdasd,asdasd,...', 1, 2, 'Piano de 5 años', 'red', 'black', '2021-10-29 08:49:36', '2021-10-29 09:49:36'),
(2, 'Clase 2', 'Se trabajara las siguientes clases : adasda, sdasd,asdasd,...', 1, 2, 'Piano de 5 años', 'red', 'black', '2021-10-22 08:49:36', '2021-10-22 09:49:36'),
(3, 'Clase 3', 'Se trabajara las siguientes clases : adasda, sdasd,asdasd,...', 1, 2, 'Piano de 5 años', 'blue', 'black', '2021-10-18 08:49:36', '2021-10-18 09:49:36'),
(4, 'Clase 4', 'Se trabajara las siguientes clases : adasda, sdasd,asdasd,...', 1, 2, 'Piano de 5 años', 'blue', 'black', '2021-10-18 11:49:36', '2021-10-18 12:49:36'),
(5, 'Clase 5', 'Se trabajara las siguientes clases : adasda, sdasd,asdasd,...', 1, 2, 'Piano de 5 años', 'red', 'black', '2021-10-19 13:49:36', '2021-10-19 16:49:36');

-- --------------------------------------------------------

--
-- Estructura de tabla para la tabla `mes`
--

CREATE TABLE `mes` (
  `id_mes` int(11) NOT NULL,
  `nombre` varchar(45) DEFAULT NULL
) ENGINE=InnoDB DEFAULT CHARSET=utf8mb4;

--
-- Volcado de datos para la tabla `mes`
--

INSERT INTO `mes` (`id_mes`, `nombre`) VALUES
(1, 'Enero'),
(2, 'Febrero'),
(3, 'Marzo'),
(4, 'Abril'),
(5, 'Mayo'),
(6, 'Junio'),
(7, 'Julio'),
(8, 'Agosto'),
(9, 'Setiembre'),
(10, 'Octubre'),
(11, 'Noviembre'),
(12, 'Diciembre');

-- --------------------------------------------------------

--
-- Estructura de tabla para la tabla `profesor`
--

CREATE TABLE `profesor` (
  `id_pro` int(11) NOT NULL,
  `nombres` varchar(225) DEFAULT NULL,
  `apellidos` varchar(225) DEFAULT NULL,
  `especialidad` varchar(223) DEFAULT NULL,
  `telefono` int(10) DEFAULT NULL,
  `dni` int(8) DEFAULT NULL
) ENGINE=InnoDB DEFAULT CHARSET=utf8mb4;

--
-- Volcado de datos para la tabla `profesor`
--

INSERT INTO `profesor` (`id_pro`, `nombres`, `apellidos`, `especialidad`, `telefono`, `dni`) VALUES
(15, 'KATHERINE', 'TASAYCO', 'BATERIA - PERCUSION', 984206034, 70449419),
(16, 'ANDREINA', 'FLORES', 'VIOLIN', 926991675, 2930846),
(18, 'MARK', 'CONTRERAS', 'TEORICOS', 967088553, 71073148),
(19, 'MONICA', 'ZAMORA', 'TEORICOS', 991671488, 7977147),
(20, 'RITA', 'RODRIGUEZ', 'TEORICOS', 933162966, 4681224),
(21, 'CARLOS', 'SALAZAR', 'CANTO', 912093655, 72899510),
(22, 'JOEL ', 'PEREZ', 'TEORICOS - PIANO - F. DULCE', 989367078, 47531302),
(23, 'EUGENIA', 'KOVTUNOVA', 'PIANO', 987188084, 51686756),
(24, 'ULISES', 'CALDERON', 'PIANO - B. ELECTRICO - UKELELE - VIOLIN', 980675022, 44007548),
(25, 'ANTONIO', 'NAVARRO', 'GUITARRA - UKELELE - G. ELECTRICA - TEORICOS', 994548710, 9646045),
(26, 'FRANCISCO', 'QUISPE', 'TEORICOS - SAXOFON - F. DULCE ', 989930234, 25755603),
(27, 'ERIKA', 'GOMEZ', 'PIANO - CANTO - F. DULCE', 960964934, 41394493),
(28, 'Eleazar  ', 'Torres', 'Mandolina - Teoría', 930245367, 2172213),
(29, 'Jordy', 'Perez', 'Guitarra Acustica- G. Electrica- Charango- Ukelele Piano- Flauta D.', 920125383, 48021130),
(30, 'Teresa', 'Acosta', 'CANTO', 931259411, 6311440),
(31, 'JUAN ', 'HUAYRE', 'SAXOFON ', 992934572, 41649815),
(32, 'Jorge', 'Puma', 'SAXOFON  - ', 37254736, 46927795),
(33, 'NATALY', 'SUITO', 'VIOLIN', 932240109, 609376),
(34, 'EDGAR', 'VALENZUELA', 'VIOLIN - BATERIA', 2147483647, 0),
(35, 'SHELLYT', 'CASTRO', 'VIOLIN', 902211990, 2994184),
(36, 'JESUS', 'SAENZ', 'VIOLIN', 2147483647, 0),
(37, 'JUAN', 'CARRASCO', 'TEORIA', 2147483647, 7267369),
(38, 'MYLENE', 'ZAMBRANO', 'CONTRABAJO - TEORIA ', 926910323, 2451721),
(39, 'MIRTHA', 'BRAGA', 'CANTO', 987469285, 6088356),
(40, 'SERGIO ', 'SANCHEZ', 'GUITARRA', 980412534, 6731208),
(41, 'SILVIA', 'VALDIVIA', 'PIANO', 993487412, 72115627),
(42, 'DANIEL', 'PIÑANGO', 'SAXOFON - F. DULCE - TEORICOS', 918357937, 3036796),
(43, 'CARLOS ALBERTO ', 'BELLO RUIZ ', 'CLARINETE ', 926910319, 2411343),
(44, 'YHASMIN ', 'VALENZUELA ', 'CLARINETE ', 2147483647, 88543),
(45, 'OMAR RAUL ', 'SALGADO CORDOBA', 'QUENA ', 940211630, 40589130),
(46, 'FREEDY TEODORO ', 'FUERTES ', 'TROMPETA ', 2147483647, 10748379),
(47, 'SUGUI GISELLA ', 'GIRON SOTO ', 'LENGUA ', 992534250, 40083514),
(49, 'CHRISTIAN LUIS ', 'IBARRA ZUVIRIA ', 'CANTO ', 2147483647, 2147483647),
(50, 'ZOILA MARIA ', 'SOLIS GAVIDIA ', 'TEORIA ', 978197819, 7874410),
(51, 'DIEGO ENRIQUE ', 'SANCHEZ CORCUERA ', 'PIANO ', 944570451, 71123136),
(52, 'JESSICA LILYANA ', 'CABANILLAS ZAPATA ', 'GUITARRA ', 992238201, 25629430),
(53, 'YESID ', 'CARBAJAL ', 'G. FLAMENCA ', 2147483647, 56732895),
(54, 'MARIANO ERNESTO ', 'MARTINEZ DIAZ', 'GUITARRA E.', 941828440, 42337302),
(55, 'FIORELLA STEYSE ', 'QUINTANA ESPINOZA ', 'PEDAGOGIA ', 941481694, 44503134),
(56, 'DIEGO ALFREDO ', 'YNGA FARFAN ', 'CANTO ', 956739729, 46988082),
(57, 'AMALIA VIRGINIA ', 'MUÑOZ JARA ', 'PIANO ', 997222273, 9672724),
(58, 'MARIA EKATERINA ', 'VARGAS BALINA', 'PIANO ', 46960828, 46960828),
(59, 'DANIEL ALEJANDRO ', 'MORGADE FERNANDEZ ', 'GUITARRA ', 945735815, 48879371),
(60, 'FRANK RENE ', 'CASTILLO CASTILLO ', 'GUITARRA ', 999385774, 10198839),
(61, 'SUSANA JAIME ', 'RIOS MEDRANO ', 'CANTO ', 951031177, 45594211),
(62, 'URSULA ', 'LEANDRO LENCI ', 'CANTO ', 987452350, 70417455),
(64, 'GIOVANNY ', 'RIVEROS', 'GUITARRA', 431705341, 0),
(65, 'GUSTAVO ADOLFO', 'YATACO SARMIENTO', 'GUITARRA', 968166118, 15355825),
(66, 'MARIO', 'ARTETA', 'CANTO', 968422668, 6684360),
(67, 'RUDY BRIAN', 'UBILLUS MORAN', 'TROMPETA', 931725873, 40848051),
(68, 'ANA GRABRIELA', 'LANDAETA RUIZ', 'FLAUTA TRANSVERSA', 926852027, 2456910),
(69, 'CARLOS DANIEL', 'GIFFORD ALVARADO', 'BATERIA', 47516043, 998465725),
(70, 'ALICIA ', 'JIMENEZ GONZALALES', 'CORO', 2147483647, 2147483647),
(71, 'ANGHELI VERONICA', 'LIZA TABOADA', 'CANTO', 965114267, 41118637),
(72, 'CARLOS ENRIQUE', 'SANCHEZ GAMARRA', 'GUITARRA', 940734774, 6716180),
(73, 'LUIS CARLOS', 'BATISTA QUEZADA ', 'CELLO', 2147483647, 650712),
(74, 'AFFONSO SCHMIDIT', 'NIETO', 'FAGOT', 924176147, 78642),
(76, 'PAUL ', 'THIESEN', 'TROMBON', 0, 0),
(77, 'MARINES', 'QUINTEROS', 'VIOLIN', 0, 0),
(78, 'JOSE', 'CRUZ', 'COUCH', 0, 0),
(79, 'ABEL', 'GARCIA', 'SAXOFON', 0, 0),
(80, 'KASSANDRA', 'GUTIERREZ', 'PIANO - VIOLIN - CANTO', 0, 0),
(81, 'MAGDALENA', 'REYES', 'CANTO', 0, 0),
(82, 'RAFAEL', 'GONZALES', 'TEORICOS', 0, 0),
(83, 'MICHAEL', 'DIAS', 'GUITARRA - TEORICOS', 0, 0),
(84, 'IVAN', 'PAREDES', 'TROMBON - EUFONIO', 0, 0),
(85, 'YOHUALLI', 'ROSAS', 'GUITARRA - TEORICOS', 0, 0),
(86, 'ANA PAULA', 'ROMERO', 'TEORICOS', 0, 0),
(87, 'MARILUZ ', 'ALCALA', 'CELLO', 0, 0);

-- --------------------------------------------------------

--
-- Estructura de tabla para la tabla `subcategoria`
--

CREATE TABLE `subcategoria` (
  `id_sub` int(11) NOT NULL,
  `nombre` varchar(45) DEFAULT NULL,
  `id_cat` int(6) DEFAULT NULL
) ENGINE=InnoDB DEFAULT CHARSET=utf8mb4;

--
-- Volcado de datos para la tabla `subcategoria`
--

INSERT INTO `subcategoria` (`id_sub`, `nombre`, `id_cat`) VALUES
(1, 'Teoría Grupal', 1),
(2, 'Instrumento Individual', 1),
(3, 'Teorico', 4),
(4, 'Instrumental', 4),
(5, 'Teorico', 5),
(6, 'Instrumental', 5),
(7, 'Teorico', 6),
(8, 'Instrumental', 6),
(9, 'Teorico', 7),
(10, 'Instrumental', 7),
(11, 'Teorico', 8),
(12, 'Instrumnetal', 8);

--
-- Índices para tablas volcadas
--

--
-- Indices de la tabla `adminuser`
--
ALTER TABLE `adminuser`
  ADD PRIMARY KEY (`id`);

--
-- Indices de la tabla `alumno`
--
ALTER TABLE `alumno`
  ADD PRIMARY KEY (`id_alum`);

--
-- Indices de la tabla `categoria`
--
ALTER TABLE `categoria`
  ADD PRIMARY KEY (`id_cat`);

--
-- Indices de la tabla `curso`
--
ALTER TABLE `curso`
  ADD PRIMARY KEY (`id_curso`);

--
-- Indices de la tabla `eventos`
--
ALTER TABLE `eventos`
  ADD PRIMARY KEY (`id`);

--
-- Indices de la tabla `mes`
--
ALTER TABLE `mes`
  ADD PRIMARY KEY (`id_mes`);

--
-- Indices de la tabla `profesor`
--
ALTER TABLE `profesor`
  ADD PRIMARY KEY (`id_pro`);

--
-- Indices de la tabla `subcategoria`
--
ALTER TABLE `subcategoria`
  ADD PRIMARY KEY (`id_sub`);

--
-- AUTO_INCREMENT de las tablas volcadas
--

--
-- AUTO_INCREMENT de la tabla `adminuser`
--
ALTER TABLE `adminuser`
  MODIFY `id` int(11) NOT NULL AUTO_INCREMENT, AUTO_INCREMENT=107;

--
-- AUTO_INCREMENT de la tabla `alumno`
--
ALTER TABLE `alumno`
  MODIFY `id_alum` int(11) NOT NULL AUTO_INCREMENT, AUTO_INCREMENT=6;

--
-- AUTO_INCREMENT de la tabla `categoria`
--
ALTER TABLE `categoria`
  MODIFY `id_cat` int(11) NOT NULL AUTO_INCREMENT, AUTO_INCREMENT=9;

--
-- AUTO_INCREMENT de la tabla `curso`
--
ALTER TABLE `curso`
  MODIFY `id_curso` int(11) NOT NULL AUTO_INCREMENT, AUTO_INCREMENT=4022;

--
-- AUTO_INCREMENT de la tabla `mes`
--
ALTER TABLE `mes`
  MODIFY `id_mes` int(11) NOT NULL AUTO_INCREMENT, AUTO_INCREMENT=13;

--
-- AUTO_INCREMENT de la tabla `profesor`
--
ALTER TABLE `profesor`
  MODIFY `id_pro` int(11) NOT NULL AUTO_INCREMENT, AUTO_INCREMENT=88;

--
-- AUTO_INCREMENT de la tabla `subcategoria`
--
ALTER TABLE `subcategoria`
  MODIFY `id_sub` int(11) NOT NULL AUTO_INCREMENT, AUTO_INCREMENT=13;
COMMIT;

/*!40101 SET CHARACTER_SET_CLIENT=@OLD_CHARACTER_SET_CLIENT */;
/*!40101 SET CHARACTER_SET_RESULTS=@OLD_CHARACTER_SET_RESULTS */;
/*!40101 SET COLLATION_CONNECTION=@OLD_COLLATION_CONNECTION */;
